sale_id,sale_date,customer_id,product_id,store_id,campaign_id,sale_amount,bonus_points,payment_type
1,5/4/2025,1034,2059,402,0.0,2048.2,893,debit
2,5/4/2025,1066,2048,403,1.0,321.87,886,check
3,5/4/2025,1116,2041,403,3.0,3216.84,448,cash
4,5/4/2025,1071,2096,404,2.0,1613.23,716,credit
5,5/4/2025,1020,2060,401,0.0,408.38,937,cash
6,5/4/2025,1089,2028,401,0.0,1275.88,576,debit
7,5/4/2025,1193,2003,402,1.0,346.66,90,debit
8,5/4/2025,1005,2079,402,1.0,855.49,989,credit
9,5/4/2025,1032,2060,401,1.0,735.08,412,check
10,5/4/2025,1119,2089,403,2.0,661.63,744,cash
11,5/4/2025,1042,2077,401,,505.65,17,credit
12,5/4/2025,1079,2013,401,2.0,0,912,debit
13,5/4/2025,1147,2086,404,3.0,4470.5,956,cash
14,5/4/2025,1183,2025,401,1.0,503.32,854,debit
15,5/4/2025,1026,2089,403,0.0,413.52,454,debit
16,5/4/2025,1144,2005,403,3.0,1715.12,310,debit
17,5/4/2025,1169,2047,401,2.0,535.97,679,debit
18,5/4/2025,1003,2053,404,0.0,3660.9,408,cash
19,5/4/2025,1110,2046,404,1.0,30.09,507,debit
20,5/4/2025,1111,2022,403,3.0,671.18,727,credit
21,5/4/2025,1119,2055,403,2.0,?,331,check
22,5/4/2025,1062,2011,403,3.0,1229.22,85,cash
23,5/4/2025,1062,2096,404,3.0,672.18,537,cash
24,5/4/2025,1086,2003,404,2.0,924.43,565,check
25,5/4/2025,1046,2062,402,2.0,1981.95,654,credit
26,5/4/2025,1066,2043,403,2.0,698.76,269,check
27,5/4/2025,1142,2001,402,0.0,1237.05,67,check
28,5/4/2025,1061,2092,404,3.0,482.21,393,credit
29,5/4/2025,1142,2097,402,3.0,4210.5,555,check
30,5/4/2025,1165,2091,404,3.0,4528.95,66,cash
31,2023-13-01,1004,2011,403,1.0,737.53,401,cash
32,5/4/2025,1103,2088,402,2.0,0,933,credit
33,5/4/2025,1169,2074,403,3.0,0,855,credit
34,5/4/2025,1141,2067,403,3.0,872.85,738,cash
35,5/4/2025,1190,2070,403,2.0,54.69,201,check
36,5/4/2025,1179,2058,403,2.0,1066.8,553,check
37,5/4/2025,1064,2029,401,1.0,12.16,168,check
38,5/4/2025,1080,2015,402,1.0,3037.36,282,check
39,5/4/2025,1055,2094,404,2.0,1578.72,791,check
40,5/4/2025,1185,2075,403,0.0,0,480,check
41,5/4/2025,9999,2037,402,2.0,288.11,225,cash
42,5/4/2025,1045,2038,401,1.0,1667.72,442,debit
43,5/4/2025,1070,2005,401,2.0,686.05,53,credit
44,5/4/2025,1178,2016,404,0.0,0,397,debit
45,5/4/2025,1003,2073,403,3.0,1498.29,833,credit
46,5/4/2025,1122,2056,403,1.0,944.5,855,check
47,5/4/2025,1013,2032,404,0.0,2836.8,568,debit
48,5/4/2025,1016,2051,404,0.0,117.32,837,debit
49,5/4/2025,1147,2080,401,1.0,0,431,check
50,5/4/2025,1038,2072,403,0.0,840.6,495,debit
51,5/4/2025,1063,2015,404,1.0,1214.95,973,credit
52,5/4/2025,1198,2066,404,3.0,516.06,166,credit
53,5/4/2025,1113,2038,404,2.0,2223.62,822,cash
54,5/4/2025,1145,2079,401,0.0,1901.08,585,cash
55,5/4/2025,1195,2026,402,2.0,507.74,330,cash
56,5/4/2025,1169,2010,402,1.0,140.11,711,credit
57,5/4/2025,1044,2070,401,1.0,0,192,debit
58,5/4/2025,1000,2052,404,3.0,2193.78,390,credit
59,5/4/2025,1074,2004,402,2.0,741.8,780,check
60,5/4/2025,1180,2036,404,0.0,217.98,543,credit
61,5/4/2025,1175,2029,403,1.0,36.48,571,check
62,5/4/2025,1108,2014,402,1.0,221.67,686,cash
63,5/4/2025,1068,2018,401,0.0,2169.04,581,check
64,5/4/2025,1042,2039,403,3.0,2929.32,528,debit
65,5/4/2025,1031,2059,403,3.0,0,820,check
66,5/4/2025,1069,2064,404,3.0,1470.2,490,credit
67,5/4/2025,1020,2076,401,3.0,4836.42,792,check
68,5/4/2025,1188,2041,403,0.0,1608.42,726,credit
69,5/4/2025,1023,2029,401,2.0,0,968,credit
70,5/4/2025,1147,2005,402,3.0,0,146,check
71,5/4/2025,1132,2083,404,2.0,614.53,500,debit
72,5/4/2025,1046,2074,404,3.0,659.5,654,credit
73,5/4/2025,1023,2060,403,3.0,1225.14,199,check
74,5/4/2025,1085,2041,401,1.0,1447.58,820,check
75,5/4/2025,1084,2052,404,2.0,2925.04,996,debit
76,5/4/2025,1169,2051,401,3.0,117.32,458,check
77,5/4/2025,1022,2040,403,2.0,55.26,633,check
78,5/4/2025,1029,2098,404,0.0,3631.44,221,credit
79,5/4/2025,1168,2069,404,3.0,232.39,123,credit
80,5/4/2025,1013,2024,403,3.0,372.81,987,cash
81,5/4/2025,1160,2056,401,1.0,472.25,205,check
82,5/4/2025,1068,2070,402,2.0,109.38,651,debit
83,5/4/2025,1112,2089,404,0.0,2067.6,37,credit
84,5/4/2025,1007,2080,402,1.0,1498.07,630,cash
85,5/4/2025,1079,2070,401,3.0,34.18,1,debit
86,5/4/2025,1023,2028,401,3.0,2551.76,996,cash
87,5/4/2025,1030,2082,402,3.0,799.8,183,credit
88,5/4/2025,1183,2037,403,3.0,2160.84,697,cash
89,5/4/2025,1123,2060,402,3.0,2450.28,400,debit
90,5/4/2025,1141,2018,404,1.0,2440.17,756,check
91,5/4/2025,1153,2065,402,0.0,470.34,705,debit
92,5/4/2025,1070,2098,404,2.0,0,741,cash
93,5/4/2025,1129,2034,401,2.0,108.94,208,debit
94,5/4/2025,1185,2038,404,1.0,1667.72,197,credit
95,5/4/2025,1114,2068,404,2.0,656.19,478,cash
96,5/4/2025,1085,2070,404,3.0,0,998,check
97,5/4/2025,1082,2024,402,3.0,372.81,617,credit
98,5/4/2025,1059,2099,404,0.0,1292.64,667,check
99,5/4/2025,1081,2095,404,3.0,490.79,127,credit
100,5/4/2025,1098,2084,402,3.0,0,651,check
101,5/4/2025,1009,2016,403,0.0,969.06,954,cash
102,5/4/2025,1112,2012,404,0.0,1869.57,127,cash
103,5/4/2025,1184,2018,404,1.0,488.03,952,cash
104,5/4/2025,1019,2060,403,2.0,0,302,check
105,5/4/2025,1159,2088,404,0.0,0,341,cash
106,5/4/2025,1084,2086,404,2.0,2861.12,645,debit
107,5/4/2025,1160,2091,404,0.0,905.79,596,cash
108,5/4/2025,1158,2008,402,2.0,159.82,693,check
109,5/4/2025,1058,2095,401,3.0,2453.95,530,cash
110,5/4/2025,1025,2097,401,3.0,842.1,780,debit
111,5/4/2025,1042,2088,403,0.0,709.35,894,debit
112,5/4/2025,1011,2041,401,2.0,0,905,debit
113,5/4/2025,1091,2047,404,1.0,0,295,cash
114,5/4/2025,1062,2067,404,1.0,0,757,check
115,5/4/2025,1043,2022,401,3.0,2684.72,277,debit
116,5/4/2025,1158,2087,402,3.0,477.96,22,debit
117,5/4/2025,1149,2018,402,3.0,1626.78,411,check
118,5/4/2025,1163,2032,404,2.0,756.48,277,credit
119,5/4/2025,1170,2001,404,2.0,659.76,847,check
120,5/4/2025,1173,2069,402,0.0,464.78,991,credit
121,5/4/2025,1113,2044,403,3.0,0,257,credit
122,5/4/2025,1176,2032,404,2.0,756.48,60,check
123,5/4/2025,1050,2049,404,0.0,2819.52,57,credit
124,5/4/2025,1060,2048,403,2.0,1144.42,880,check
125,5/4/2025,1179,2037,401,3.0,1440.56,457,cash
126,5/4/2025,1070,2001,401,3.0,0,637,credit
127,5/4/2025,1073,2099,402,2.0,0,281,credit
128,5/4/2025,1056,2081,402,2.0,0,37,check
129,5/4/2025,1173,2096,402,0.0,672.18,503,check
130,5/4/2025,1160,2082,401,2.0,426.56,394,credit
131,5/4/2025,1112,2004,403,1.0,1669.05,785,debit
132,5/4/2025,1023,2037,403,3.0,2160.84,757,debit
133,5/4/2025,1044,2025,402,2.0,223.7,161,check
134,5/4/2025,1135,2064,403,1.0,793.91,100,debit
135,5/4/2025,1065,2061,403,2.0,639.74,895,credit
136,5/4/2025,1029,2059,401,1.0,921.69,986,check
137,5/4/2025,1193,2028,404,2.0,1531.06,147,cash
138,5/4/2025,1023,2050,401,2.0,298.85,59,debit
139,5/4/2025,1137,2015,404,2.0,539.98,19,cash
140,5/4/2025,1172,2095,403,3.0,2453.95,567,cash
141,5/4/2025,1163,2047,401,1.0,301.48,392,credit
142,5/4/2025,1120,2003,403,1.0,1039.99,951,cash
143,5/4/2025,1165,2008,404,2.0,53.27,169,debit
144,5/4/2025,1166,2052,401,1.0,658.13,634,cash
145,5/4/2025,1011,2004,403,3.0,3709,463,debit
146,5/4/2025,1029,2012,402,1.0,0,864,credit
147,5/4/2025,1099,2058,403,3.0,666.75,194,check
148,5/4/2025,1150,2095,402,3.0,490.79,650,check
149,5/4/2025,1167,2012,404,3.0,0,420,debit
150,5/4/2025,1071,2004,403,1.0,834.52,583,cash
151,5/4/2025,1113,2056,402,2.0,839.55,186,cash
152,5/4/2025,1025,2087,403,2.0,0,520,cash
153,5/4/2025,1015,2050,403,1.0,504.31,148,check
154,5/4/2025,1031,2058,401,1.0,2400.3,145,cash
155,5/4/2025,1164,2081,401,0.0,2984.88,482,credit
156,5/4/2025,1085,2031,402,1.0,508.77,26,debit
157,5/4/2025,1017,2097,402,1.0,757.89,347,credit
158,5/4/2025,1059,2042,402,0.0,0,234,cash
159,5/4/2025,1070,2018,402,2.0,0,877,cash
160,5/4/2025,1044,2014,401,1.0,886.68,441,debit
161,5/4/2025,1003,2045,402,2.0,499.42,766,debit
162,5/4/2025,1004,2022,403,0.0,671.18,776,debit
163,5/4/2025,1032,2094,404,0.0,493.35,660,debit
164,5/4/2025,1190,2008,404,3.0,266.36,690,credit
165,5/4/2025,1199,2046,401,3.0,167.15,113,credit
166,5/4/2025,1128,2028,401,2.0,2041.41,193,cash
167,5/4/2025,1117,2082,401,0.0,799.8,435,debit
168,5/4/2025,1122,2051,404,0.0,234.64,88,cash
169,5/4/2025,1125,2091,404,0.0,1811.58,625,credit
170,5/4/2025,1020,2041,402,0.0,0,757,cash
171,5/4/2025,1032,2035,403,3.0,4499.95,794,credit
172,5/4/2025,1152,2067,403,3.0,872.85,255,debit
173,5/4/2025,1129,2077,404,0.0,2809.15,218,debit
174,5/4/2025,1179,2014,402,3.0,738.9,543,debit
175,5/4/2025,1115,2029,404,2.0,0,910,debit
176,5/4/2025,1116,2051,404,0.0,351.96,417,cash
177,5/4/2025,1080,2054,403,2.0,3602.04,390,credit
178,5/4/2025,1095,2019,404,0.0,933.93,851,check
179,5/4/2025,1023,2010,401,3.0,0,951,cash
180,5/4/2025,1024,2095,403,1.0,3533.69,702,debit
181,5/4/2025,1142,2007,403,0.0,583.39,607,cash
182,5/4/2025,1105,2045,404,0.0,624.28,230,cash
183,5/4/2025,1073,2076,403,2.0,1934.57,653,debit
184,5/4/2025,1026,2073,402,1.0,1797.95,779,check
185,5/4/2025,1168,2061,402,0.0,599.76,237,debit
186,5/4/2025,1089,2071,403,0.0,0,339,credit
187,5/4/2025,1195,2035,402,3.0,0,621,debit
188,5/4/2025,1143,2098,401,2.0,2178.86,782,credit
189,5/4/2025,1007,2023,403,2.0,751.63,903,check
190,5/4/2025,1086,2044,401,1.0,373.64,204,debit
191,5/4/2025,1036,2072,404,0.0,1260.9,663,debit
192,5/4/2025,1036,2094,401,0.0,2466.75,77,credit
193,5/4/2025,1191,2067,402,3.0,872.85,907,check
194,5/4/2025,1107,2058,403,1.0,1800.22,608,check
195,5/4/2025,1094,2039,403,0.0,1952.88,949,debit
196,5/4/2025,1013,2019,402,0.0,0,36,check
197,5/4/2025,1172,2010,403,3.0,0,102,check
198,5/4/2025,1169,2054,404,3.0,900.51,591,credit
199,5/4/2025,1106,2034,402,0.0,136.17,741,cash
200,5/4/2025,1088,2055,401,2.0,129.46,263,debit
201,5/4/2025,1173,2086,404,2.0,715.28,616,check
202,5/4/2025,1011,2028,404,0.0,0,345,cash
203,5/4/2025,1001,2026,403,1.0,190.4,507,credit
204,5/4/2025,1196,2017,403,2.0,370.96,386,credit
205,5/4/2025,1083,2015,401,3.0,0,253,check
206,5/4/2025,1191,2055,402,1.0,48.55,996,check
207,5/4/2025,1097,2068,402,2.0,1312.38,654,credit
208,5/4/2025,1018,2050,401,3.0,0,12,cash
209,5/4/2025,1004,2058,401,2.0,1066.8,554,debit
210,5/4/2025,1147,2054,404,3.0,2701.53,995,credit
211,5/4/2025,1074,2014,404,0.0,738.9,696,credit
212,5/4/2025,1083,2021,404,2.0,668.33,244,check
213,5/4/2025,1022,2055,401,1.0,97.09,965,debit
214,5/4/2025,1111,2075,404,0.0,1561.28,966,debit
215,5/4/2025,1101,2039,403,1.0,2636.39,638,cash
216,5/4/2025,1085,2099,402,0.0,646.32,406,check
217,5/4/2025,1130,2081,401,1.0,1343.2,469,credit
218,5/4/2025,1198,2044,403,1.0,186.82,350,credit
219,5/4/2025,1060,2013,402,2.0,0,15,debit
220,5/4/2025,1050,2022,402,0.0,671.18,423,credit
221,5/4/2025,1045,2098,404,3.0,907.86,530,credit
222,5/4/2025,1193,2072,404,2.0,1681.2,262,cash
223,5/4/2025,1160,2040,402,3.0,138.16,203,debit
224,5/4/2025,1017,2060,404,2.0,0,631,check
225,5/4/2025,1070,2075,401,2.0,624.51,437,debit
226,5/4/2025,1129,2009,403,3.0,198.93,200,debit
227,5/4/2025,1115,2004,401,2.0,2225.4,240,credit
228,5/4/2025,1073,2009,401,3.0,66.31,782,check
229,5/4/2025,1118,2074,401,3.0,659.5,494,credit
230,5/4/2025,1146,2083,402,2.0,614.53,849,cash
231,5/4/2025,1154,2060,402,0.0,408.38,859,cash
232,5/4/2025,1115,2013,403,0.0,2806.08,272,cash
233,5/4/2025,1129,2082,402,0.0,1066.4,352,cash
234,5/4/2025,1063,2090,404,3.0,71.64,10,debit
235,5/4/2025,1134,2066,402,2.0,1238.54,818,cash
236,5/4/2025,1095,2036,404,3.0,653.94,640,debit
237,5/4/2025,1198,2043,401,2.0,1397.52,584,check
238,5/4/2025,1016,2042,401,3.0,0,651,credit
239,5/4/2025,1072,2032,402,2.0,1512.96,833,check
240,5/4/2025,1020,2074,402,2.0,527.6,764,credit
241,5/4/2025,1079,2083,404,1.0,691.34,812,debit
242,5/4/2025,1152,2090,401,2.0,57.31,1000,check
243,5/4/2025,1143,2048,403,1.0,0,811,check
244,5/4/2025,1171,2089,401,3.0,1654.08,610,check
245,5/4/2025,1130,2046,401,2.0,106.98,846,debit
246,5/4/2025,1079,2023,402,2.0,3006.53,256,debit
247,5/4/2025,1196,2062,402,1.0,1114.85,788,debit
248,5/4/2025,1035,2019,401,2.0,0,387,debit
249,5/4/2025,1025,2064,401,2.0,705.7,346,cash
250,5/4/2025,1196,2079,402,3.0,2851.62,309,credit
251,5/4/2025,1039,2020,402,1.0,338.25,914,cash
252,5/4/2025,1184,2056,401,3.0,1574.16,276,check
253,5/4/2025,1093,2086,402,3.0,3576.4,40,debit
254,5/4/2025,1156,2036,404,1.0,392.36,931,cash
255,5/4/2025,1136,2030,403,3.0,509.91,410,credit
256,5/4/2025,1049,2047,404,3.0,1674.9,472,debit
257,5/4/2025,1196,2036,404,3.0,0,284,credit
258,5/4/2025,1041,2025,402,2.0,671.09,727,cash
259,5/4/2025,1013,2082,404,2.0,1066.4,837,credit
260,5/4/2025,1141,2013,401,2.0,748.29,200,credit
261,5/4/2025,1021,2097,402,2.0,673.68,55,cash
262,5/4/2025,1115,2065,402,3.0,1881.36,182,debit
263,5/4/2025,1023,2028,404,2.0,510.35,539,debit
264,5/4/2025,1006,2053,401,3.0,610.15,575,cash
265,5/4/2025,1128,2047,402,3.0,1004.94,742,check
266,5/4/2025,1020,2047,402,0.0,669.96,572,cash
267,5/4/2025,1081,2012,403,1.0,1682.61,504,credit
268,5/4/2025,1035,2004,403,3.0,927.25,228,check
269,5/4/2025,1178,2017,404,3.0,1854.8,137,debit
270,5/4/2025,1157,2000,401,0.0,1938.62,612,check
271,5/4/2025,1065,2027,402,3.0,775.83,273,debit
272,5/4/2025,1028,2099,403,1.0,3490.13,646,check
273,5/4/2025,1077,2015,401,1.0,1822.42,288,check
274,5/4/2025,1107,2081,404,0.0,2238.66,383,check
275,5/4/2025,1028,2063,401,1.0,994.43,85,credit
276,5/4/2025,1183,2018,403,3.0,2711.3,935,credit
277,5/4/2025,1000,2078,403,1.0,0,585,cash
278,5/4/2025,1146,2053,402,0.0,1220.3,467,check
279,5/4/2025,1134,2046,401,0.0,33.43,372,cash
280,5/4/2025,1099,2060,401,3.0,1633.52,757,credit
281,5/4/2025,1095,2032,401,2.0,1512.96,788,cash
282,5/4/2025,1017,2044,402,0.0,207.58,886,credit
283,5/4/2025,1197,2074,403,1.0,593.55,282,debit
284,5/4/2025,1011,2045,403,1.0,842.78,812,credit
285,5/4/2025,1199,2087,404,3.0,159.32,844,credit
286,5/4/2025,1161,2023,402,0.0,939.54,305,credit
287,5/4/2025,1183,2099,404,0.0,1292.64,463,cash
288,5/4/2025,1075,2025,401,1.0,0,185,cash
289,5/4/2025,1010,2040,403,3.0,138.16,687,credit
290,5/4/2025,1139,2060,403,0.0,1225.14,845,check
291,5/4/2025,1192,2082,402,2.0,213.28,732,check
292,5/4/2025,1091,2099,401,2.0,1034.11,632,check
293,5/4/2025,1069,2015,403,3.0,2699.88,949,debit
294,5/4/2025,1102,2095,404,3.0,1472.37,973,cash
295,5/4/2025,1086,2023,404,3.0,3758.16,727,credit
296,5/4/2025,1094,2066,403,0.0,1032.12,239,cash
297,5/4/2025,1186,2054,401,3.0,0,248,debit
298,5/4/2025,1154,2023,403,2.0,751.63,843,credit
299,5/4/2025,1026,2010,403,2.0,62.27,549,cash
300,5/4/2025,1078,2057,404,1.0,393.28,78,debit
301,5/4/2025,1176,2056,403,3.0,524.72,774,check
302,5/4/2025,1010,2093,403,3.0,0,243,cash
303,5/4/2025,1070,2081,401,0.0,1492.44,314,debit
304,5/4/2025,1171,2081,404,2.0,596.98,718,cash
305,5/4/2025,1131,2095,402,0.0,1472.37,225,check
306,5/4/2025,1036,2077,404,0.0,1123.66,665,cash
307,5/4/2025,1032,2008,402,2.0,106.54,892,check
308,5/4/2025,1092,2049,401,1.0,0,441,check
309,5/4/2025,1173,2057,403,2.0,349.58,562,credit
310,5/4/2025,1113,2097,401,1.0,757.89,343,credit
311,5/4/2025,1135,2046,404,2.0,80.23,108,debit
312,5/4/2025,1166,2035,402,0.0,899.99,902,check
313,5/4/2025,1006,2094,402,3.0,1480.05,399,check
314,5/4/2025,1132,2049,401,2.0,1503.74,654,cash
315,5/4/2025,1198,2033,404,1.0,2257.88,169,cash
316,5/4/2025,1156,2036,404,1.0,784.73,986,debit
317,5/4/2025,1031,2017,401,3.0,0,292,credit
318,5/4/2025,1044,2091,404,0.0,1811.58,647,credit
319,5/4/2025,1174,2040,403,0.0,34.54,429,check
320,5/4/2025,1140,2069,403,2.0,557.74,820,credit
321,5/4/2025,1040,2091,402,2.0,724.63,682,cash
322,5/4/2025,1130,2028,401,1.0,574.15,750,credit
323,5/4/2025,1035,2030,404,0.0,339.94,779,cash
324,5/4/2025,1092,2070,403,3.0,102.54,251,check
325,5/4/2025,1141,2016,401,0.0,0,34,credit
326,5/4/2025,1079,2050,404,3.0,186.78,163,cash
327,5/4/2025,1196,2052,401,1.0,2632.54,4,debit
328,5/4/2025,1081,2082,401,3.0,1066.4,565,debit
329,5/4/2025,1119,2087,403,1.0,0,819,check
330,5/4/2025,1199,2070,402,1.0,30.76,333,check
331,5/4/2025,1110,2064,401,0.0,0,581,debit
332,5/4/2025,1132,2019,403,1.0,1681.07,974,check
333,5/4/2025,1041,2041,402,2.0,643.37,879,check
334,5/4/2025,1132,2036,401,2.0,348.77,534,debit
335,5/4/2025,1050,2081,403,1.0,2686.39,294,credit
336,5/4/2025,1160,2038,401,1.0,0,89,check
337,5/4/2025,1151,2074,402,1.0,1187.1,929,cash
338,5/4/2025,1168,2079,403,0.0,1901.08,780,debit
339,5/4/2025,1007,2010,401,2.0,62.27,819,cash
340,5/4/2025,1166,2026,404,0.0,0,33,debit
341,5/4/2025,1127,2080,403,2.0,1997.42,766,cash
342,5/4/2025,1123,2031,404,2.0,1356.72,199,cash
343,5/4/2025,1116,2009,401,1.0,119.36,58,check
344,5/4/2025,1112,2053,404,3.0,0,833,cash
345,5/4/2025,1052,2043,402,2.0,698.76,579,cash
346,5/4/2025,1183,2040,403,3.0,103.62,226,check
347,5/4/2025,1033,2097,403,0.0,4210.5,110,credit
348,5/4/2025,1081,2030,404,0.0,339.94,55,credit
349,5/4/2025,1068,2057,402,1.0,1179.85,904,credit
350,5/4/2025,1024,2006,403,3.0,594,975,debit
351,5/4/2025,1157,2053,402,1.0,1098.27,466,check
352,5/4/2025,1083,2073,403,1.0,2247.44,433,check
353,5/4/2025,1195,2020,404,3.0,1879.15,986,debit
354,5/4/2025,1127,2039,404,0.0,1952.88,504,cash
355,5/4/2025,1023,2050,404,1.0,0,310,cash
356,5/4/2025,1055,2074,403,0.0,1978.5,963,credit
357,5/4/2025,1012,2036,404,3.0,653.94,226,credit
358,5/4/2025,1073,2068,401,0.0,2460.72,965,credit
359,5/4/2025,1110,2017,403,2.0,370.96,908,cash
360,5/4/2025,1195,2051,403,0.0,117.32,617,cash
361,5/4/2025,1102,2006,402,2.0,792,379,debit
362,5/4/2025,1141,2036,401,3.0,871.92,869,debit
363,5/4/2025,1129,2057,403,0.0,1747.92,514,credit
364,5/4/2025,1032,2012,404,2.0,997.1,601,cash
365,5/4/2025,1086,2071,403,1.0,553.64,700,debit
366,5/4/2025,1050,2077,404,0.0,561.83,848,cash
367,5/4/2025,1011,2004,402,2.0,0,663,check
368,5/4/2025,1121,2066,404,1.0,0,589,credit
369,5/4/2025,1155,2065,402,2.0,1128.82,443,cash
370,5/4/2025,1156,2040,402,3.0,138.16,152,check
371,5/4/2025,1157,2094,403,2.0,1578.72,377,check
372,5/4/2025,1129,2065,404,2.0,752.54,190,credit
373,5/4/2025,1121,2002,403,2.0,2771.2,624,debit
374,5/4/2025,1172,2014,404,2.0,197.04,595,credit
375,5/4/2025,1185,2088,401,3.0,2128.05,213,cash
376,5/4/2025,1067,2083,402,0.0,0,886,credit
377,5/4/2025,1149,2061,402,3.0,1199.52,72,check
378,5/4/2025,1037,2087,402,0.0,318.64,413,check
379,5/4/2025,1146,2089,401,1.0,744.34,874,cash
380,5/4/2025,1004,2056,403,3.0,2098.88,855,credit
381,5/4/2025,1038,2052,402,3.0,2193.78,638,credit
382,5/4/2025,1128,2099,404,0.0,3877.92,298,check
383,5/4/2025,1180,2017,402,2.0,741.92,77,cash
384,5/4/2025,1169,2061,404,2.0,319.87,161,credit
385,5/4/2025,1044,2058,403,2.0,1066.8,997,credit
386,5/4/2025,1173,2098,403,3.0,3631.44,242,cash
387,5/4/2025,1049,2031,403,2.0,1356.72,640,check
388,5/4/2025,1057,2038,403,1.0,2501.58,921,debit
389,5/4/2025,1176,2090,404,2.0,343.87,875,cash
390,5/4/2025,1122,2044,403,2.0,166.06,752,debit
391,5/4/2025,1031,2073,404,3.0,1498.29,216,check
392,5/4/2025,1088,2098,402,2.0,726.29,995,credit
393,5/4/2025,1010,2036,401,2.0,348.77,241,debit
394,5/4/2025,1113,2083,403,3.0,3072.64,373,check
395,5/4/2025,1054,2025,403,2.0,671.09,425,debit
396,5/4/2025,1035,2013,402,1.0,1683.65,177,debit
397,5/4/2025,1012,2085,402,1.0,217.94,289,cash
398,5/4/2025,1013,2012,404,2.0,1994.21,994,debit
399,5/4/2025,1183,2060,401,1.0,367.54,695,credit
400,5/4/2025,1001,2070,402,3.0,102.54,695,cash
401,5/4/2025,1167,2060,404,1.0,735.08,9,check
402,5/4/2025,1193,2036,403,2.0,348.77,83,credit
403,5/4/2025,1165,2007,401,1.0,0,243,credit
404,5/4/2025,1136,2094,401,1.0,1776.06,35,debit
405,5/4/2025,1106,2022,401,3.0,671.18,803,credit
406,5/4/2025,1126,2023,403,0.0,0,732,credit
407,5/4/2025,1002,2038,401,2.0,1482.42,492,debit
408,5/4/2025,1072,2058,404,1.0,1200.15,129,debit
409,5/4/2025,1129,2059,403,1.0,1382.54,355,cash
410,5/4/2025,1028,2042,402,3.0,502.83,982,credit
411,5/4/2025,1165,2032,402,0.0,0,319,debit
412,5/4/2025,1188,2043,403,1.0,1572.21,454,debit
413,5/4/2025,1044,2078,404,3.0,426.03,446,cash
414,5/4/2025,1131,2041,401,3.0,3216.84,866,cash
415,5/4/2025,1171,2012,402,1.0,1121.74,263,credit
416,5/4/2025,1122,2041,402,0.0,1608.42,282,debit
417,5/4/2025,1066,2049,402,3.0,0,539,debit
418,5/4/2025,1192,2034,403,2.0,326.81,406,cash
419,5/4/2025,1149,2092,401,2.0,1157.3,447,cash
420,5/4/2025,1167,2046,402,0.0,133.72,753,debit
421,5/4/2025,1170,2015,404,2.0,0,236,credit
422,5/4/2025,1040,2051,403,0.0,469.28,727,debit
423,5/4/2025,1163,2037,403,1.0,0,792,debit
424,5/4/2025,1056,2017,404,1.0,834.66,310,debit
425,5/4/2025,1116,2095,403,3.0,490.79,441,cash
426,5/4/2025,1179,2070,404,1.0,61.52,185,credit
427,5/4/2025,1195,2031,401,3.0,1695.9,595,check
428,5/4/2025,1135,2090,403,0.0,0,563,debit
429,5/4/2025,1144,2014,401,1.0,443.34,106,credit
430,5/4/2025,1146,2068,402,1.0,2952.86,86,check
431,5/4/2025,1083,2066,404,0.0,516.06,218,check
432,5/4/2025,1174,2026,404,0.0,423.12,49,credit
433,5/4/2025,1130,2057,401,3.0,1747.92,709,credit
434,5/4/2025,1033,2065,404,3.0,0,265,debit
435,5/4/2025,1144,2007,404,2.0,933.42,950,debit
436,5/4/2025,1185,2002,404,2.0,692.8,952,check
437,5/4/2025,1000,2095,402,0.0,0,657,cash
438,5/4/2025,1011,2054,403,0.0,900.51,347,cash
439,5/4/2025,1138,2007,401,3.0,2333.56,688,debit
440,5/4/2025,1008,2036,404,1.0,196.18,15,credit
441,5/4/2025,1196,2017,404,2.0,741.92,185,debit
442,5/4/2025,1097,2057,404,3.0,436.98,236,cash
443,5/4/2025,1020,2087,402,2.0,637.28,507,cash
444,5/4/2025,1030,2022,404,1.0,604.06,935,cash
445,5/4/2025,1186,2028,401,0.0,2551.76,32,credit
446,5/4/2025,1076,2059,404,3.0,1536.15,741,credit
447,5/4/2025,1058,2031,404,2.0,0,443,check
448,5/4/2025,1039,2035,402,0.0,899.99,498,check
449,5/4/2025,1008,2084,404,0.0,845.55,299,cash
450,5/4/2025,1061,2026,401,0.0,423.12,534,cash
451,5/4/2025,1152,2004,404,0.0,2781.75,754,cash
452,5/4/2025,1062,2094,401,3.0,1973.4,516,credit
453,5/4/2025,1112,2029,402,0.0,13.51,499,debit
454,5/4/2025,1035,2064,403,1.0,0,292,check
455,5/4/2025,1187,2073,403,2.0,399.54,605,check
456,5/4/2025,1060,2038,402,1.0,3335.44,731,check
457,5/4/2025,1105,2038,403,0.0,1853.02,88,check
458,5/4/2025,1142,2075,402,3.0,3903.2,51,check
459,5/4/2025,1142,2063,401,2.0,1325.9,565,credit
460,5/4/2025,1164,2085,404,2.0,387.44,35,credit
461,5/4/2025,1178,2053,404,1.0,1647.4,482,credit
462,5/4/2025,1076,2048,402,3.0,1072.89,947,cash
463,5/4/2025,1061,2028,403,1.0,1148.29,598,check
464,5/4/2025,1118,2007,404,3.0,1750.17,227,cash
465,5/4/2025,1142,2067,402,3.0,1163.8,248,credit
466,5/4/2025,1062,2032,402,2.0,756.48,372,check
467,5/4/2025,1165,2010,404,2.0,124.54,120,cash
468,5/4/2025,1023,2068,402,0.0,2460.72,791,credit
469,5/4/2025,1068,2048,401,0.0,715.26,157,debit
470,5/4/2025,1048,2097,402,3.0,0,184,cash
471,5/4/2025,1053,2042,403,0.0,167.61,60,debit
472,5/4/2025,1054,2024,401,3.0,372.81,111,debit
473,5/4/2025,1062,2089,402,3.0,1240.56,899,cash
474,5/4/2025,1061,2070,403,2.0,27.34,122,cash
475,5/4/2025,1097,2059,403,2.0,0,940,cash
476,5/4/2025,1066,2046,404,3.0,200.58,811,check
477,5/4/2025,1025,2092,404,2.0,771.54,589,debit
478,5/4/2025,1052,2047,403,3.0,334.98,865,debit
479,5/4/2025,1011,2072,402,1.0,756.54,676,cash
480,5/4/2025,1004,2033,404,2.0,0,427,credit
481,5/4/2025,1039,2025,403,1.0,503.32,583,debit
482,5/4/2025,1097,2072,402,3.0,420.3,505,check
483,5/4/2025,1140,2083,403,2.0,1843.58,346,check
484,5/4/2025,1195,2062,404,3.0,3096.8,399,debit
485,5/4/2025,1043,2093,403,1.0,1360.69,79,cash
486,5/4/2025,1035,2092,404,1.0,0,725,debit
487,5/4/2025,1138,2082,401,0.0,533.2,970,check
488,5/4/2025,1019,2085,401,0.0,484.3,243,check
489,5/4/2025,1105,2017,402,0.0,1391.1,78,check
490,5/4/2025,1181,2019,401,1.0,4202.68,239,credit
491,5/4/2025,1129,2058,403,0.0,1333.5,356,cash
492,5/4/2025,1158,2081,404,3.0,2984.88,781,cash
493,5/4/2025,1004,2000,404,0.0,2907.93,812,credit
494,5/4/2025,1004,2067,403,2.0,465.52,490,check
495,5/4/2025,1004,2064,404,1.0,1323.18,753,check
496,5/4/2025,1027,2012,402,1.0,1121.74,965,debit
497,5/4/2025,1049,2079,403,2.0,3802.16,727,check
498,5/4/2025,1068,2050,401,2.0,0,25,credit
499,5/4/2025,1103,2058,402,1.0,600.08,154,check
500,5/4/2025,1076,2087,401,0.0,159.32,32,check
501,5/4/2025,1023,2051,404,3.0,351.96,9,check
502,5/4/2025,1141,2060,401,0.0,408.38,376,cash
503,5/4/2025,1179,2021,401,3.0,835.41,207,cash
504,5/4/2025,1111,2082,403,0.0,0,716,credit
505,5/4/2025,1135,2005,402,1.0,1157.71,463,credit
506,5/4/2025,1177,2072,404,2.0,1008.72,561,check
507,5/4/2025,1011,2009,403,0.0,0,57,check
508,5/4/2025,1045,2040,401,1.0,31.09,58,cash
509,5/4/2025,1150,2018,404,0.0,1084.52,656,check
510,5/4/2025,1076,2020,402,3.0,2254.98,843,check
511,5/4/2025,1173,2069,403,3.0,232.39,222,cash
512,5/4/2025,1193,2094,402,0.0,1480.05,399,check
513,5/4/2025,1128,2095,403,0.0,0,167,check
514,5/4/2025,1025,2055,402,0.0,107.88,430,check
515,5/4/2025,1087,2077,404,2.0,449.46,837,debit
516,5/4/2025,1007,2081,403,3.0,746.22,968,credit
517,5/4/2025,1125,2029,403,3.0,40.53,226,credit
518,5/4/2025,1110,2023,404,0.0,1879.08,685,credit
519,5/4/2025,1197,2079,403,1.0,855.49,331,check
520,5/4/2025,1182,2009,401,2.0,53.05,344,check
521,5/4/2025,1039,2048,402,3.0,357.63,220,debit
522,5/4/2025,1081,2046,401,0.0,33.43,136,credit
523,5/4/2025,1001,2039,404,2.0,2343.46,114,cash
524,5/4/2025,1194,2034,401,1.0,245.11,166,debit
525,5/4/2025,1022,2023,404,3.0,5637.24,767,credit
526,5/4/2025,1142,2071,404,0.0,615.16,897,cash
527,5/4/2025,1006,2011,403,0.0,1229.22,633,check
528,5/4/2025,1152,2076,403,3.0,2418.21,510,credit
529,5/4/2025,1003,2037,404,3.0,1440.56,717,debit
530,5/4/2025,1199,2010,402,1.0,210.17,830,debit
531,5/4/2025,1175,2048,402,1.0,965.6,216,credit
532,5/4/2025,1068,2038,403,3.0,0,636,debit
533,5/4/2025,1037,2008,402,3.0,266.36,964,check
534,5/4/2025,1070,2053,403,3.0,1830.45,294,check
535,5/4/2025,1005,2009,403,2.0,53.05,525,credit
536,5/4/2025,1063,2092,404,1.0,867.98,712,check
537,5/4/2025,1117,2013,402,2.0,2244.86,217,debit
538,5/4/2025,1001,2050,403,3.0,0,286,credit
539,5/4/2025,1084,2056,403,3.0,1574.16,706,check
540,5/4/2025,1166,2076,402,2.0,0,193,cash
541,5/4/2025,1082,2077,402,3.0,0,392,check
542,5/4/2025,1080,2022,404,2.0,1073.89,738,check
543,5/4/2025,1074,2094,404,1.0,444.02,844,cash
544,5/4/2025,1083,2048,403,3.0,0,229,check
545,5/4/2025,1093,2014,402,1.0,221.67,180,credit
546,5/4/2025,1174,2098,401,3.0,2723.58,88,cash
547,5/4/2025,1181,2026,404,2.0,507.74,500,credit
548,5/4/2025,1177,2008,404,3.0,332.95,556,check
549,5/4/2025,1035,2081,403,1.0,1343.2,641,debit
550,5/4/2025,1064,2084,402,3.0,845.55,44,cash
551,5/4/2025,1096,2009,404,3.0,198.93,200,cash
552,5/4/2025,1149,2051,404,0.0,0,46,credit
553,5/4/2025,1092,2089,401,0.0,827.04,921,debit
554,5/4/2025,1196,2031,403,1.0,1526.31,732,check
555,5/4/2025,1165,2078,401,3.0,142.01,815,cash
556,5/4/2025,1192,2042,404,0.0,1005.66,548,check
557,5/4/2025,1002,2012,403,1.0,560.87,310,debit
558,5/4/2025,1130,2095,402,3.0,1963.16,781,credit
559,5/4/2025,1095,2050,404,1.0,168.1,548,cash
560,5/4/2025,1088,2003,404,0.0,385.18,684,debit
561,5/4/2025,1075,2053,401,0.0,1830.45,997,check
562,5/4/2025,1186,2018,403,2.0,1301.42,198,credit
563,5/4/2025,1087,2058,402,3.0,2667,48,cash
564,5/4/2025,1089,2060,401,3.0,408.38,954,debit
565,5/4/2025,1184,2089,404,2.0,1984.9,978,credit
566,5/4/2025,1017,2038,401,0.0,0,9,cash
567,5/4/2025,1005,2043,401,1.0,786.1,285,check
568,5/4/2025,1189,2031,402,1.0,2035.08,243,credit
569,5/4/2025,1084,2071,404,3.0,0,465,check
570,5/4/2025,1059,2051,402,1.0,527.94,547,cash
571,5/4/2025,1163,2084,404,3.0,845.55,463,cash
572,5/4/2025,1007,2094,402,3.0,493.35,777,debit
573,5/4/2025,1151,2054,404,0.0,0,851,credit
574,5/4/2025,1180,2027,402,2.0,0,603,check
575,5/4/2025,1192,2090,401,0.0,286.56,646,check
576,5/4/2025,1137,2023,403,2.0,1503.26,665,debit
577,5/4/2025,1050,2058,401,2.0,1066.8,796,debit
578,5/4/2025,1171,2062,403,3.0,619.36,38,check
579,5/4/2025,1156,2050,401,2.0,0,132,credit
580,5/4/2025,1090,2058,402,2.0,1066.8,100,debit
581,5/4/2025,1157,2075,401,1.0,702.58,716,credit
582,5/4/2025,1080,2015,402,2.0,1619.93,392,cash
583,5/4/2025,1029,2023,403,1.0,0,353,cash
584,5/4/2025,1130,2049,404,1.0,845.86,775,debit
585,5/4/2025,1147,2049,404,1.0,845.86,447,credit
586,5/4/2025,1124,2081,402,1.0,2686.39,395,debit
587,5/4/2025,1125,2036,402,1.0,588.55,921,credit
588,5/4/2025,1080,2057,401,2.0,699.17,89,debit
589,5/4/2025,1002,2062,402,1.0,1114.85,811,credit
590,5/4/2025,1098,2071,404,3.0,1845.48,476,credit
591,5/4/2025,1175,2062,404,3.0,1858.08,11,check
592,5/4/2025,1125,2021,401,0.0,1670.82,408,debit
593,5/4/2025,1194,2028,403,0.0,637.94,196,credit
594,5/4/2025,1070,2028,403,1.0,0,20,debit
595,5/4/2025,1199,2058,404,0.0,2667,190,debit
596,5/4/2025,1146,2014,403,2.0,0,893,debit
597,5/4/2025,1138,2096,401,3.0,2688.72,781,cash
598,5/4/2025,1139,2027,404,0.0,258.61,606,cash
599,5/4/2025,1188,2083,402,2.0,1229.06,925,debit
600,5/4/2025,1008,2057,403,2.0,699.17,112,check
601,5/4/2025,1022,2056,401,1.0,2361.24,284,debit
602,5/4/2025,1053,2094,403,3.0,493.35,213,check
603,5/4/2025,1042,2078,402,1.0,127.81,361,credit
604,5/4/2025,1052,2007,403,2.0,2333.56,888,credit
605,5/4/2025,1152,2068,402,2.0,656.19,119,credit
606,5/4/2025,1180,2037,403,2.0,288.11,77,debit
607,5/4/2025,1131,2086,401,1.0,2414.07,120,credit
608,5/4/2025,1192,2052,401,2.0,0,857,cash
609,5/4/2025,1167,2016,402,1.0,290.72,673,check
610,5/4/2025,1037,2091,403,1.0,0,653,debit
611,5/4/2025,1194,2086,404,3.0,0,7,check
612,5/4/2025,1036,2073,403,3.0,1997.72,235,debit
613,5/4/2025,1096,2057,401,0.0,1310.94,142,cash
614,5/4/2025,1103,2065,403,2.0,376.27,700,debit
615,5/4/2025,1116,2062,403,0.0,1238.72,815,cash
616,5/4/2025,1198,2093,401,3.0,0,343,check
617,5/4/2025,1162,2085,403,0.0,0,76,credit
618,5/4/2025,1136,2050,402,3.0,933.9,749,credit
619,5/4/2025,1054,2063,403,2.0,441.97,84,check
620,5/4/2025,1072,2043,402,3.0,4367.25,198,cash
621,5/4/2025,1087,2087,401,0.0,637.28,505,check
622,5/4/2025,1025,2080,404,0.0,3329.04,339,check
623,5/4/2025,1031,2020,404,3.0,1127.49,743,check
624,5/4/2025,1000,2054,402,1.0,1620.92,638,credit
625,5/4/2025,1166,2038,402,2.0,2223.62,81,check
626,5/4/2025,1023,2083,403,2.0,1229.06,535,cash
627,5/4/2025,1021,2047,402,0.0,1674.9,196,debit
628,5/4/2025,1101,2080,403,1.0,3745.17,601,debit
629,5/4/2025,1109,2083,401,0.0,768.16,358,check
630,5/4/2025,1000,2027,404,0.0,517.22,57,credit
631,5/4/2025,1033,2075,402,3.0,780.64,179,credit
632,5/4/2025,1002,2001,403,0.0,824.7,390,cash
633,5/4/2025,1108,2088,402,3.0,3546.75,263,debit
634,5/4/2025,1018,2029,404,0.0,27.02,118,check
635,5/4/2025,1187,2013,401,2.0,2993.15,432,check
636,5/4/2025,1094,2038,402,3.0,926.51,192,check
637,5/4/2025,1198,2096,402,1.0,1814.89,73,check
638,5/4/2025,1017,2067,401,1.0,523.71,832,cash
639,5/4/2025,1112,2044,402,1.0,560.47,455,cash
640,5/4/2025,1105,2078,404,1.0,383.43,527,check
641,5/4/2025,1022,2012,402,0.0,623.19,234,cash
642,5/4/2025,1150,2093,404,2.0,1814.26,331,cash
643,5/4/2025,1109,2040,402,1.0,31.09,344,check
644,5/4/2025,1070,2082,401,1.0,719.82,754,cash
645,5/4/2025,1141,2076,403,0.0,3224.28,247,check
646,5/4/2025,1168,2038,402,1.0,1667.72,282,debit
647,5/4/2025,1191,2050,403,0.0,560.34,254,cash
648,5/4/2025,1005,2030,404,3.0,679.88,908,credit
649,5/4/2025,1028,2030,404,0.0,509.91,815,check
650,5/4/2025,1135,2001,403,2.0,989.64,772,check
651,5/4/2025,1033,2049,404,2.0,751.87,278,cash
652,5/4/2025,1139,2087,402,3.0,0,362,check
653,5/4/2025,1197,2009,401,0.0,265.24,788,debit
654,5/4/2025,1003,2033,402,0.0,836.25,475,credit
655,5/4/2025,1015,2050,403,3.0,560.34,885,cash
656,5/4/2025,1108,2089,404,0.0,413.52,612,credit
657,5/4/2025,1163,2068,402,2.0,3280.96,640,credit
658,5/4/2025,1021,2039,401,1.0,878.8,599,cash
659,5/4/2025,1039,2068,403,3.0,2460.72,589,credit
660,5/4/2025,1150,2081,401,2.0,1193.95,664,cash
661,5/4/2025,1178,2055,402,0.0,53.94,561,debit
662,5/4/2025,1062,2011,404,0.0,0,246,cash
663,5/4/2025,1116,2078,401,2.0,0,446,credit
664,5/4/2025,1170,2094,402,0.0,986.7,840,check
665,5/4/2025,1003,2090,402,0.0,143.28,911,check
666,5/4/2025,1041,2063,403,2.0,1325.9,331,debit
667,5/4/2025,1042,2047,402,2.0,803.95,121,check
668,5/4/2025,1187,2015,401,2.0,0,56,check
669,5/4/2025,1109,2034,401,2.0,326.81,999,credit
670,5/4/2025,1182,2073,401,3.0,499.43,159,check
671,5/4/2025,1116,2065,403,0.0,470.34,510,cash
672,5/4/2025,1127,2072,402,2.0,1008.72,688,check
673,5/4/2025,1040,2032,401,0.0,0,305,cash
674,5/4/2025,1058,2094,401,0.0,493.35,326,debit
675,5/4/2025,1003,2031,401,3.0,1695.9,287,debit
676,5/4/2025,1093,2049,402,1.0,1691.71,257,check
677,5/4/2025,1009,2070,404,1.0,30.76,911,cash
678,5/4/2025,1082,2031,404,2.0,452.24,275,check
679,5/4/2025,1069,2009,403,0.0,0,664,debit
680,5/4/2025,1128,2086,401,1.0,804.69,868,credit
681,5/4/2025,1057,2066,401,3.0,1548.18,812,credit
682,5/4/2025,1017,2059,403,2.0,409.64,261,cash
683,5/4/2025,1083,2011,404,0.0,1638.96,560,debit
684,5/4/2025,1094,2025,403,2.0,223.7,801,check
685,5/4/2025,1189,2079,402,3.0,3802.16,957,debit
686,5/4/2025,1094,2075,404,1.0,702.58,927,credit
687,5/4/2025,1187,2069,402,1.0,627.45,921,check
688,5/4/2025,1001,2052,401,1.0,0,453,credit
689,5/4/2025,1138,2044,401,2.0,166.06,150,cash
690,5/4/2025,1000,2097,404,2.0,1347.36,92,cash
691,5/4/2025,1026,2026,402,3.0,211.56,381,cash
692,5/4/2025,1125,2007,402,2.0,933.42,240,cash
693,5/4/2025,1023,2005,402,3.0,1286.34,100,check
694,5/4/2025,1179,2047,404,0.0,669.96,84,cash
695,5/4/2025,1148,2012,402,3.0,3115.95,27,cash
696,5/4/2025,1019,2075,401,3.0,2341.92,346,credit
697,5/4/2025,1169,2016,402,2.0,775.25,937,credit
698,5/4/2025,1066,2040,404,2.0,55.26,420,cash
699,5/4/2025,1081,2057,403,1.0,393.28,54,credit
700,5/4/2025,1019,2025,402,0.0,559.24,602,credit
701,5/4/2025,1039,2013,402,3.0,4676.8,799,check
702,5/4/2025,1119,2040,404,0.0,69.08,551,check
703,5/4/2025,1137,2045,402,3.0,0,270,check
704,5/4/2025,1078,2059,403,0.0,1536.15,707,cash
705,5/4/2025,1023,2020,403,0.0,0,224,credit
706,5/4/2025,1055,2041,402,0.0,4021.05,124,debit
707,5/4/2025,1182,2031,403,3.0,1695.9,399,check
708,5/4/2025,1131,2006,403,2.0,475.2,995,debit
709,5/4/2025,1044,2003,404,3.0,1155.54,466,check
710,5/4/2025,1142,2095,402,0.0,2453.95,625,check
711,5/4/2025,1118,2013,402,0.0,1870.72,656,debit
712,5/4/2025,1003,2007,402,1.0,1050.1,247,credit
713,5/4/2025,1050,2051,403,0.0,117.32,893,credit
714,5/4/2025,1149,2075,403,0.0,780.64,653,cash
715,5/4/2025,1005,2008,402,3.0,466.13,642,check
716,5/4/2025,1032,2011,403,0.0,409.74,413,credit
717,5/4/2025,1010,2059,401,1.0,921.69,192,debit
718,5/4/2025,1146,2055,404,3.0,0,323,cash
719,5/4/2025,1007,2048,404,1.0,1287.47,603,check
720,5/4/2025,1090,2027,402,2.0,413.78,524,credit
721,5/4/2025,1071,2057,402,0.0,1310.94,710,debit
722,5/4/2025,1157,2079,402,2.0,2281.3,265,credit
723,5/4/2025,1127,2052,404,0.0,2193.78,930,check
724,5/4/2025,1022,2035,404,1.0,1619.98,139,cash
725,5/4/2025,1107,2025,402,0.0,279.62,799,cash
726,5/4/2025,1097,2091,403,3.0,2717.37,357,check
727,5/4/2025,1139,2062,403,2.0,1486.46,822,debit
728,5/4/2025,1099,2034,402,0.0,408.51,751,check
729,5/4/2025,1081,2076,402,0.0,2418.21,289,check
730,5/4/2025,1199,2035,401,3.0,2699.97,471,debit
731,5/4/2025,1135,2045,402,1.0,842.78,660,check
732,5/4/2025,1025,2031,402,2.0,904.48,89,check
733,5/4/2025,1136,2094,401,1.0,0,332,debit
734,5/4/2025,1147,2049,403,1.0,3383.42,435,credit
735,5/4/2025,1045,2030,403,2.0,407.93,195,credit
736,5/4/2025,1151,2003,403,1.0,693.32,159,debit
737,5/4/2025,1144,2024,404,2.0,298.25,711,debit
738,5/4/2025,1044,2062,401,0.0,1238.72,370,debit
739,5/4/2025,1014,2029,402,0.0,13.51,459,debit
740,5/4/2025,1134,2061,401,2.0,639.74,622,debit
741,5/4/2025,1157,2025,402,2.0,671.09,874,check
742,5/4/2025,1183,2022,403,0.0,2684.72,693,cash
743,5/4/2025,1005,2018,402,0.0,542.26,162,cash
744,5/4/2025,1134,2046,401,2.0,53.49,250,credit
745,5/4/2025,1180,2084,404,0.0,281.85,499,cash
746,5/4/2025,1086,2038,403,1.0,1667.72,730,check
747,5/4/2025,1040,2093,404,3.0,755.94,612,debit
748,5/4/2025,1166,2040,402,2.0,27.63,192,debit
749,5/4/2025,1057,2085,402,3.0,1452.9,315,credit
750,5/4/2025,1078,2093,403,1.0,0,624,debit
751,5/4/2025,1045,2093,401,3.0,2267.82,465,credit
752,5/4/2025,1197,2072,401,1.0,1513.08,176,cash
753,5/4/2025,1154,2040,402,0.0,69.08,255,check
754,5/4/2025,1127,2018,403,0.0,0,387,debit
755,5/4/2025,1060,2044,403,1.0,934.11,492,check
756,5/4/2025,1162,2011,403,3.0,1229.22,305,debit
757,5/4/2025,1002,2033,402,1.0,3010.5,558,credit
758,5/4/2025,1177,2008,403,2.0,159.82,576,cash
759,5/4/2025,1027,2092,401,0.0,482.21,929,cash
760,5/4/2025,1098,2056,404,1.0,944.5,469,debit
761,5/4/2025,1105,2063,404,2.0,2209.84,798,credit
762,5/4/2025,1139,2048,401,3.0,357.63,765,check
763,5/4/2025,1147,2083,402,1.0,691.34,7,debit
764,5/4/2025,1115,2009,401,2.0,53.05,485,cash
765,5/4/2025,1005,2040,403,0.0,103.62,321,debit
766,5/4/2025,1018,2043,402,3.0,2620.35,558,debit
767,5/4/2025,1041,2093,401,0.0,755.94,109,check
768,5/4/2025,1086,2076,404,0.0,0,36,debit
769,5/4/2025,1110,2083,402,3.0,768.16,84,credit
770,5/4/2025,1040,2006,401,2.0,0,249,debit
771,5/4/2025,1052,2024,404,2.0,298.25,678,cash
772,5/4/2025,1169,2036,403,1.0,392.36,262,cash
773,5/4/2025,1024,2006,404,3.0,0,616,debit
774,5/4/2025,1039,2006,403,0.0,198,758,credit
775,5/4/2025,1109,2011,403,3.0,1638.96,401,cash
776,5/4/2025,1051,2012,401,1.0,1121.74,300,check
777,5/4/2025,1043,2081,403,0.0,746.22,281,cash
778,5/4/2025,1121,2014,403,3.0,985.2,207,debit
779,5/4/2025,1120,2062,403,0.0,2477.44,297,check
780,5/4/2025,1164,2069,404,1.0,0,608,debit
781,5/4/2025,1094,2048,403,1.0,321.87,502,cash
782,5/4/2025,1114,2005,403,3.0,428.78,943,cash
783,5/4/2025,1119,2033,402,2.0,1338,872,check
784,5/4/2025,1144,2007,402,0.0,1166.78,705,cash
785,5/4/2025,1021,2085,403,3.0,0,477,credit
786,5/4/2025,1193,2075,402,0.0,1561.28,979,debit
787,5/4/2025,1099,2066,404,3.0,0,631,check
788,5/4/2025,1146,2030,404,2.0,543.9,377,check
789,5/4/2025,1020,2050,401,1.0,168.1,657,credit
790,5/4/2025,1030,2096,404,1.0,3024.81,861,check
791,5/4/2025,1042,2027,402,1.0,232.75,971,credit
792,5/4/2025,1010,2054,401,3.0,900.51,651,check
793,5/4/2025,1051,2080,402,2.0,0,567,credit
794,5/4/2025,1081,2093,401,0.0,755.94,334,credit
795,5/4/2025,1099,2071,404,2.0,984.26,647,cash
796,5/4/2025,1070,2066,404,0.0,0,222,cash
797,5/4/2025,1179,2079,404,0.0,2851.62,558,credit
798,5/4/2025,1106,2019,402,0.0,3735.72,361,credit
799,5/4/2025,1027,2072,401,2.0,672.48,391,check
800,5/4/2025,1137,2044,404,2.0,830.32,68,cash
801,5/4/2025,1098,2083,404,3.0,2304.48,457,credit
802,5/4/2025,1009,2022,403,3.0,2684.72,961,credit
803,5/4/2025,1036,2079,404,0.0,950.54,64,credit
804,5/4/2025,1101,2042,402,0.0,335.22,730,credit
805,5/4/2025,1190,2060,403,2.0,0,743,credit
806,5/4/2025,1005,2043,403,2.0,2096.28,540,debit
807,5/4/2025,1071,2062,401,1.0,557.42,492,check
808,5/4/2025,1034,2038,404,2.0,2223.62,494,credit
809,5/4/2025,1068,2093,404,0.0,2267.82,718,debit
810,5/4/2025,1048,2056,402,3.0,524.72,744,debit
811,5/4/2025,1189,2062,403,0.0,1858.08,100,cash
812,5/4/2025,1131,2020,401,2.0,0,834,debit
813,5/4/2025,1181,2064,404,1.0,264.64,84,check
814,5/4/2025,1199,2067,401,1.0,0,368,check
815,5/4/2025,1049,2025,401,1.0,503.32,910,check
816,5/4/2025,1008,2058,401,2.0,533.4,103,debit
817,5/4/2025,1180,2025,403,2.0,894.78,166,credit
818,5/4/2025,1118,2064,404,0.0,882.12,592,cash
819,5/4/2025,1174,2003,402,2.0,308.14,860,credit
820,5/4/2025,1125,2076,404,1.0,725.46,833,credit
821,5/4/2025,1121,2075,403,2.0,2498.05,725,check
822,5/4/2025,1041,2033,401,2.0,669,212,check
823,5/4/2025,1007,2049,401,1.0,845.86,601,credit
824,5/4/2025,1146,2099,402,1.0,581.69,579,credit
825,5/4/2025,1165,2028,402,2.0,1531.06,119,cash
826,5/4/2025,1166,2052,401,0.0,731.26,233,check
827,5/4/2025,1121,2016,402,0.0,646.04,945,cash
828,5/4/2025,1057,2032,403,2.0,3782.4,899,cash
829,5/4/2025,1108,2048,403,3.0,357.63,293,credit
830,5/4/2025,1064,2027,404,2.0,413.78,426,debit
831,5/4/2025,1173,2066,404,0.0,2580.3,932,check
832,5/4/2025,1001,2065,403,2.0,376.27,623,credit
833,5/4/2025,1076,2087,401,3.0,796.6,114,credit
834,5/4/2025,1016,2043,403,2.0,2795.04,538,cash
835,5/4/2025,1070,2033,403,1.0,752.62,988,debit
836,5/4/2025,1038,2066,402,0.0,1032.12,218,check
837,5/4/2025,1153,2051,403,1.0,316.76,741,credit
838,5/4/2025,1184,2003,404,2.0,1848.86,483,check
839,5/4/2025,1066,2053,404,3.0,0,241,cash
840,5/4/2025,1188,2004,402,2.0,2967.2,38,check
841,5/4/2025,1185,2091,402,3.0,3623.16,482,debit
842,5/4/2025,1171,2045,403,1.0,280.93,901,credit
843,5/4/2025,1168,2071,402,2.0,1968.51,271,check
844,5/4/2025,1024,2060,402,2.0,326.7,333,credit
845,5/4/2025,1185,2071,402,2.0,984.26,235,debit
846,5/4/2025,1167,2011,402,2.0,327.79,587,cash
847,5/4/2025,1057,2095,403,3.0,2453.95,445,credit
848,5/4/2025,1084,2047,403,2.0,803.95,492,check
849,5/4/2025,1118,2015,404,0.0,4049.82,983,check
850,5/4/2025,1162,2074,401,3.0,659.5,976,cash
851,5/4/2025,1049,2064,401,3.0,882.12,330,credit
852,5/4/2025,1135,2038,404,0.0,926.51,865,credit
853,5/4/2025,1038,2017,402,2.0,741.92,20,check
854,5/4/2025,1104,2072,404,1.0,1134.81,499,credit
855,5/4/2025,1080,2091,402,0.0,2717.37,332,check
856,5/4/2025,1124,2042,402,2.0,0,175,credit
857,5/4/2025,1162,2007,401,3.0,583.39,303,check
858,5/4/2025,1070,2026,402,1.0,190.4,740,debit
859,5/4/2025,1125,2097,401,1.0,3031.56,605,debit
860,5/4/2025,1157,2055,404,3.0,53.94,512,debit
861,5/4/2025,1109,2061,404,0.0,799.68,477,check
862,5/4/2025,1009,2068,402,2.0,0,294,credit
863,5/4/2025,1003,2041,402,0.0,2412.63,191,credit
864,5/4/2025,1173,2000,402,1.0,872.38,280,check
865,5/4/2025,1177,2044,403,1.0,373.64,707,debit
866,5/4/2025,1026,2049,403,1.0,3383.42,896,cash
867,5/4/2025,1016,2005,403,2.0,686.05,849,cash
868,5/4/2025,1116,2093,403,3.0,755.94,760,debit
869,5/4/2025,1175,2017,403,3.0,463.7,124,cash
870,5/4/2025,1091,2096,402,1.0,1209.92,784,debit
871,5/4/2025,1103,2002,402,1.0,779.4,670,debit
872,5/4/2025,1186,2016,402,0.0,646.04,483,check
873,5/4/2025,1150,2064,402,0.0,294.04,432,credit
874,5/4/2025,1093,2091,401,3.0,2717.37,414,cash
875,5/4/2025,1163,2032,401,0.0,0,832,debit
876,5/4/2025,1169,2013,401,0.0,935.36,335,credit
877,5/4/2025,1176,2014,404,3.0,1231.5,548,debit
878,5/4/2025,1097,2015,403,3.0,2699.88,814,cash
879,5/4/2025,1179,2019,402,0.0,1867.86,797,check
880,5/4/2025,1077,2053,401,2.0,976.24,214,check
881,5/4/2025,1159,2077,402,3.0,561.83,704,credit
882,5/4/2025,1026,2065,401,2.0,1881.36,219,debit
883,5/4/2025,1029,2013,404,1.0,0,291,debit
884,5/4/2025,1155,2025,403,1.0,503.32,347,credit
885,5/4/2025,1091,2090,404,2.0,171.94,86,credit
886,5/4/2025,1041,2005,404,1.0,385.9,42,cash
887,5/4/2025,1176,2061,403,1.0,359.86,23,debit
888,5/4/2025,1000,2001,401,0.0,1649.4,784,cash
889,5/4/2025,1146,2085,404,1.0,653.81,638,check
890,5/4/2025,1023,2099,401,0.0,1292.64,642,debit
891,5/4/2025,1065,2082,402,3.0,266.6,173,check
892,5/4/2025,1075,2033,404,0.0,2508.75,404,debit
893,5/4/2025,1025,2022,401,2.0,1073.89,353,cash
894,5/4/2025,1092,2086,403,3.0,894.1,569,credit
895,5/4/2025,1189,2014,401,0.0,0,747,credit
896,5/4/2025,1002,2017,402,2.0,0,922,cash
897,5/4/2025,1091,2056,403,0.0,1049.44,938,cash
898,5/4/2025,1095,2043,402,0.0,0,301,cash
899,5/4/2025,1102,2051,404,2.0,93.86,202,debit
900,5/4/2025,1098,2088,404,3.0,0,383,check
901,5/4/2025,1166,2021,401,1.0,0,574,credit
902,5/4/2025,1178,2092,401,1.0,867.98,829,credit
903,5/4/2025,1026,2053,404,3.0,1830.45,162,cash
904,5/4/2025,1046,2078,404,2.0,454.43,317,cash
905,5/4/2025,1156,2003,402,3.0,1925.9,856,cash
906,5/4/2025,1124,2014,404,3.0,0,636,check
907,5/4/2025,1011,2008,403,2.0,106.54,673,cash
908,5/4/2025,1003,2090,402,2.0,57.31,482,credit
909,5/4/2025,1132,2066,401,3.0,1548.18,873,cash
910,5/4/2025,1169,2093,402,3.0,755.94,158,cash
911,5/4/2025,1088,2084,404,1.0,0,69,cash
912,5/4/2025,1142,2078,401,0.0,568.04,849,debit
913,5/4/2025,1164,2020,404,3.0,1879.15,424,cash
914,5/4/2025,1042,2009,404,2.0,53.05,225,check
915,5/4/2025,1061,2042,403,0.0,167.61,727,credit
916,5/4/2025,1129,2028,404,3.0,2551.76,882,cash
917,5/4/2025,1060,2010,404,3.0,544.88,538,credit
918,5/4/2025,1146,2057,401,3.0,436.98,465,cash
919,5/4/2025,1114,2040,401,3.0,34.54,395,debit
920,5/4/2025,1190,2083,401,0.0,2304.48,735,debit
921,5/4/2025,1103,2052,401,0.0,2193.78,488,cash
922,5/4/2025,1023,2077,403,1.0,505.65,292,check
923,5/4/2025,1167,2085,404,2.0,387.44,783,cash
924,5/4/2025,1093,2006,402,3.0,594,187,debit
925,5/4/2025,1084,2071,404,2.0,492.13,355,debit
926,5/4/2025,1183,2057,401,0.0,873.96,888,cash
927,5/4/2025,1194,2084,402,0.0,563.7,673,debit
928,5/4/2025,1087,2045,403,2.0,499.42,853,credit
929,5/4/2025,1179,2013,401,1.0,1683.65,175,cash
930,5/4/2025,1126,2017,404,0.0,927.4,33,check
931,5/4/2025,1065,2078,402,1.0,127.81,230,check
932,5/4/2025,1030,2050,402,3.0,186.78,702,check
933,5/4/2025,1005,2024,403,0.0,621.35,556,cash
934,5/4/2025,1193,2053,401,0.0,1830.45,249,credit
935,5/4/2025,1197,2057,404,1.0,1179.85,11,check
936,5/4/2025,1127,2000,401,3.0,969.31,830,credit
937,5/4/2025,1149,2061,402,1.0,359.86,534,check
938,5/4/2025,1187,2016,401,3.0,2584.16,202,debit
939,5/4/2025,1168,2076,403,3.0,2418.21,992,credit
940,5/4/2025,1107,2077,402,2.0,898.93,394,cash
941,5/4/2025,1101,2043,403,3.0,3493.8,719,check
942,5/4/2025,1034,2017,404,2.0,0,239,check
943,5/4/2025,1179,2070,403,1.0,61.52,606,debit
944,5/4/2025,1051,2026,403,2.0,338.5,568,credit
945,5/4/2025,1172,2016,402,2.0,516.83,986,credit
946,5/4/2025,1181,2014,403,3.0,246.3,509,debit
947,5/4/2025,1149,2073,404,2.0,799.09,556,debit
948,5/4/2025,1108,2001,401,0.0,412.35,733,cash
949,5/4/2025,1097,2018,401,0.0,1084.52,886,cash
950,5/4/2025,1051,2034,402,2.0,217.87,654,credit
951,5/4/2025,1174,2032,402,0.0,4728,647,check
952,5/4/2025,1176,2037,402,0.0,720.28,735,check
953,5/4/2025,1091,2057,401,1.0,786.56,29,cash
954,5/4/2025,1190,2082,404,1.0,239.94,358,debit
955,5/4/2025,1130,2089,403,0.0,413.52,534,cash
956,5/4/2025,1097,2049,404,2.0,0,474,credit
957,5/4/2025,1141,2006,401,2.0,0,477,credit
958,5/4/2025,1051,2079,404,1.0,1710.97,292,credit
959,5/4/2025,1162,2090,403,1.0,257.9,331,credit
960,5/4/2025,1198,2092,402,2.0,771.54,626,debit
961,5/4/2025,1114,2022,401,1.0,3020.31,933,debit
962,5/4/2025,1044,2094,401,3.0,493.35,489,check
963,5/4/2025,1010,2054,403,2.0,720.41,843,check
964,5/4/2025,1033,2020,403,0.0,751.66,855,debit
965,5/4/2025,1084,2059,402,0.0,0,843,credit
966,5/4/2025,1039,2041,401,2.0,0,625,credit
967,5/4/2025,1125,2073,403,0.0,1997.72,821,cash
968,5/4/2025,1005,2090,403,1.0,193.43,791,debit
969,5/4/2025,1047,2066,401,1.0,464.45,625,debit
970,5/4/2025,1106,2069,404,0.0,464.78,358,check
971,5/4/2025,1089,2028,402,2.0,0,605,cash
972,5/4/2025,1084,2046,403,1.0,0,499,cash
973,5/4/2025,1192,2079,404,0.0,950.54,130,check
974,5/4/2025,1029,2085,403,3.0,726.45,782,check
975,5/4/2025,1061,2082,402,0.0,533.2,597,debit
976,5/4/2025,1174,2041,404,0.0,804.21,796,check
977,5/4/2025,1098,2032,403,0.0,0,37,cash
978,5/4/2025,1132,2098,403,3.0,3631.44,111,check
979,5/4/2025,1124,2005,403,1.0,1157.71,791,cash
980,5/4/2025,1082,2065,401,0.0,1411.02,707,check
981,5/4/2025,1042,2098,401,0.0,4539.3,677,credit
982,5/4/2025,1053,2085,402,3.0,726.45,191,credit
983,5/4/2025,1026,2026,404,0.0,423.12,434,check
984,5/4/2025,1191,2087,402,0.0,477.96,728,debit
985,5/4/2025,1117,2091,403,0.0,1811.58,312,debit
986,5/4/2025,1022,2009,401,1.0,119.36,128,check
987,5/4/2025,1064,2071,401,1.0,1107.29,111,cash
988,5/4/2025,1066,2052,404,3.0,5118.82,550,check
989,5/4/2025,1161,2051,404,2.0,375.42,777,debit
990,5/4/2025,1004,2049,401,0.0,939.84,988,debit
991,5/4/2025,1164,2092,401,0.0,2893.26,500,cash
992,5/4/2025,1179,2009,403,0.0,66.31,75,check
993,5/4/2025,1074,2087,403,0.0,477.96,793,debit
994,5/4/2025,1072,2097,404,3.0,842.1,724,credit
995,5/4/2025,1101,2084,401,3.0,1127.4,615,check
996,5/4/2025,1040,2068,402,1.0,2952.86,328,debit
997,5/4/2025,1191,2050,403,1.0,504.31,419,check
998,5/4/2025,1076,2086,403,0.0,2682.3,878,cash
999,5/4/2025,1141,2071,402,0.0,1230.32,355,check
1000,5/4/2025,1010,2000,404,0.0,3877.24,644,credit
1001,5/4/2025,1078,2026,403,1.0,761.62,687,cash
1002,5/4/2025,1105,2082,402,1.0,239.94,268,credit
1003,5/4/2025,1047,2028,403,1.0,1148.29,755,credit
1004,5/4/2025,1029,2023,401,3.0,2818.62,318,credit
1005,5/4/2025,1165,2070,401,2.0,54.69,703,cash
1006,5/4/2025,1171,2008,403,0.0,133.18,934,debit
1007,5/4/2025,1050,2092,404,2.0,771.54,492,check
1008,5/4/2025,1091,2016,402,0.0,1292.08,576,cash
1009,5/4/2025,1072,2079,401,1.0,855.49,893,credit
1010,5/4/2025,1081,2062,404,2.0,495.49,975,check
1011,5/4/2025,1157,2084,403,1.0,253.67,160,cash
1012,5/4/2025,1144,2072,403,2.0,672.48,214,debit
1013,5/4/2025,1109,2021,401,2.0,668.33,765,debit
1014,5/4/2025,1063,2028,404,2.0,510.35,984,credit
1015,5/4/2025,1092,2017,403,3.0,1854.8,635,check
1016,5/4/2025,1118,2057,403,2.0,699.17,28,credit
1017,5/4/2025,1124,2070,401,1.0,30.76,758,debit
1018,5/4/2025,1165,2077,401,2.0,449.46,490,credit
1019,5/4/2025,1035,2068,402,2.0,1968.58,517,debit
1020,5/4/2025,1187,2080,401,0.0,0,640,cash
1021,5/4/2025,1004,2064,401,3.0,882.12,534,credit
1022,5/4/2025,1196,2075,402,0.0,2341.92,309,debit
1023,5/4/2025,1141,2033,404,1.0,0,597,cash
1024,5/4/2025,1093,2050,402,2.0,448.27,593,debit
1025,5/4/2025,1034,2059,401,3.0,1536.15,748,credit
1026,5/4/2025,1093,2064,401,1.0,793.91,191,cash
1027,5/4/2025,1157,2087,402,1.0,286.78,81,check
1028,5/4/2025,1114,2020,402,1.0,676.49,126,credit
1029,5/4/2025,1188,2093,404,2.0,1814.26,751,cash
1030,5/4/2025,1010,2028,404,1.0,1148.29,131,check
1031,5/4/2025,1016,2033,403,1.0,2257.88,259,debit
1032,5/4/2025,1010,2085,402,2.0,387.44,436,debit
1033,5/4/2025,1099,2060,404,0.0,0,721,check
1034,5/4/2025,1010,2083,403,0.0,768.16,4,debit
1035,5/4/2025,1180,2066,403,2.0,1238.54,288,credit
1036,5/4/2025,1148,2069,402,3.0,697.17,948,debit
1037,5/4/2025,1167,2048,403,0.0,1072.89,733,debit
1038,5/4/2025,1132,2032,404,1.0,851.04,4,debit
1039,5/4/2025,1132,2051,403,2.0,187.71,457,cash
1040,5/4/2025,1124,2061,401,1.0,0,712,check
1041,5/4/2025,1112,2021,402,0.0,835.41,149,check
1042,5/4/2025,1131,2082,403,1.0,239.94,788,check
1043,5/4/2025,1038,2023,402,2.0,0,149,cash
1044,5/4/2025,1154,2091,401,1.0,3260.84,106,debit
1045,5/4/2025,1106,2042,401,3.0,1173.27,868,debit
1046,5/4/2025,1172,2061,404,1.0,719.71,666,debit
1047,5/4/2025,1151,2020,404,0.0,1127.49,840,credit
1048,5/4/2025,1062,2005,402,1.0,385.9,997,cash
1049,5/4/2025,1034,2080,401,1.0,2996.14,57,debit
1050,5/4/2025,1014,2021,403,1.0,1503.74,34,cash
1051,5/4/2025,1132,2051,401,2.0,281.57,988,cash
1052,5/4/2025,1021,2027,404,3.0,775.83,499,debit
1053,5/4/2025,1123,2021,402,3.0,0,6,cash
1054,5/4/2025,1153,2018,402,2.0,867.62,464,cash
1055,5/4/2025,1042,2092,403,3.0,1446.63,859,debit
1056,5/4/2025,1152,2075,401,1.0,2107.73,115,cash
1057,5/4/2025,1096,2049,402,0.0,939.84,508,cash
1058,5/4/2025,1004,2025,404,1.0,0,384,debit
1059,5/4/2025,1155,2012,402,3.0,623.19,338,check
1060,5/4/2025,1157,2076,401,0.0,2418.21,814,cash
1061,5/4/2025,1023,2061,402,0.0,199.92,650,credit
1062,5/4/2025,1198,2086,404,3.0,894.1,125,debit
1063,5/4/2025,1094,2005,404,1.0,771.8,684,credit
1064,5/4/2025,1123,2098,404,2.0,3631.44,458,credit
1065,5/4/2025,1150,2094,401,3.0,2466.75,941,check
1066,5/4/2025,1034,2032,404,1.0,1702.08,976,credit
1067,5/4/2025,1021,2036,404,2.0,348.77,472,debit
1068,5/4/2025,1048,2000,401,0.0,4846.55,870,debit
1069,5/4/2025,1133,2000,404,1.0,872.38,753,debit
1070,5/4/2025,1176,2040,404,2.0,55.26,634,credit
1071,5/4/2025,1027,2019,404,2.0,747.14,739,debit
1072,5/4/2025,1066,2068,404,2.0,1968.58,263,cash
1073,5/4/2025,1156,2035,404,1.0,0,58,check
1074,5/4/2025,1105,2070,404,1.0,0,932,credit
1075,5/4/2025,1094,2071,404,2.0,984.26,894,check
1076,5/4/2025,1078,2073,403,3.0,499.43,1,cash
1077,5/4/2025,1188,2017,401,1.0,417.33,901,credit
1078,5/4/2025,1114,2089,402,0.0,827.04,432,cash
1079,5/4/2025,1054,2065,404,2.0,376.27,919,cash
1080,5/4/2025,1140,2078,401,1.0,255.62,699,debit
1081,5/4/2025,1099,2081,401,0.0,1492.44,613,credit
1082,5/4/2025,1037,2060,404,0.0,1225.14,734,credit
1083,5/4/2025,1016,2033,402,2.0,2007,588,check
1084,5/4/2025,1020,2077,401,3.0,561.83,184,credit
1085,5/4/2025,1102,2078,403,0.0,142.01,945,cash
1086,5/4/2025,1198,2022,404,3.0,671.18,902,credit
1087,5/4/2025,1002,2025,403,1.0,503.32,137,cash
1088,5/4/2025,1008,2076,402,1.0,1450.93,751,debit
1089,5/4/2025,1172,2004,403,1.0,834.52,517,debit
1090,5/4/2025,1167,2000,402,0.0,969.31,30,credit
1091,5/4/2025,1070,2099,404,2.0,1551.17,225,debit
1092,5/4/2025,1171,2050,404,1.0,168.1,401,cash
1093,5/4/2025,1132,2001,401,0.0,2061.75,384,debit
1094,5/4/2025,1140,2036,403,2.0,348.77,231,cash
1095,5/4/2025,1070,2028,402,3.0,2551.76,460,debit
1096,5/4/2025,1103,2073,401,2.0,0,691,check
1097,5/4/2025,1044,2052,401,0.0,2193.78,586,check
1098,5/4/2025,1128,2037,403,0.0,0,876,cash
1099,5/4/2025,1131,2032,403,3.0,4728,993,cash
1100,5/4/2025,1096,2072,404,1.0,378.27,820,credit
1101,5/4/2025,1193,2043,404,3.0,2620.35,683,debit
1102,5/4/2025,1150,2003,404,0.0,1155.54,368,credit
1103,5/4/2025,1066,2008,404,1.0,59.93,110,check
1104,5/4/2025,1173,2089,402,2.0,0,92,debit
1105,5/4/2025,1105,2045,401,2.0,499.42,367,debit
1106,5/4/2025,1063,2036,401,3.0,653.94,7,debit
1107,5/4/2025,1172,2095,403,0.0,981.58,505,cash
1108,5/4/2025,1141,2022,404,2.0,0,847,check
1109,5/4/2025,1090,2027,403,1.0,698.25,866,debit
1110,5/4/2025,1191,2087,402,3.0,955.92,738,cash
1111,5/4/2025,1188,2025,402,1.0,251.66,13,debit
1112,5/4/2025,1067,2026,402,1.0,380.81,337,check
1113,5/4/2025,1063,2079,403,1.0,1710.97,990,cash
1114,5/4/2025,1199,2013,401,0.0,5612.16,527,cash
1115,5/4/2025,1173,2084,404,0.0,281.85,215,credit
1116,5/4/2025,1195,2069,401,3.0,697.17,988,debit
1117,5/4/2025,1095,2079,403,3.0,950.54,384,cash
1118,5/4/2025,1147,2035,404,1.0,809.99,487,debit
1119,5/4/2025,1195,2065,403,3.0,1411.02,410,debit
1120,5/4/2025,1056,2096,402,0.0,0,551,debit
1121,5/4/2025,1134,2054,404,0.0,3602.04,336,check
1122,5/4/2025,1128,2044,404,1.0,373.64,280,credit
1123,5/4/2025,1117,2015,404,2.0,1619.93,397,cash
1124,5/4/2025,1176,2001,401,1.0,371.12,79,debit
1125,5/4/2025,1097,2074,401,2.0,527.6,301,cash
1126,5/4/2025,1092,2078,403,1.0,383.43,917,check
1127,5/4/2025,1140,2033,402,2.0,1338,350,debit
1128,5/4/2025,1120,2078,403,2.0,227.22,815,check
1129,5/4/2025,1047,2063,404,1.0,0,403,credit
1130,5/4/2025,1107,2089,403,2.0,330.82,137,check
1131,5/4/2025,1102,2035,404,1.0,1619.98,107,credit
1132,5/4/2025,1146,2016,402,0.0,0,187,cash
1133,5/4/2025,1184,2034,402,3.0,680.85,765,credit
1134,5/4/2025,1097,2025,402,1.0,1258.29,110,cash
1135,5/4/2025,1121,2001,402,3.0,0,242,check
1136,5/4/2025,1127,2017,403,3.0,0,694,credit
1137,5/4/2025,1076,2032,401,3.0,6619.2,489,check
1138,5/4/2025,1025,2088,402,0.0,0,522,credit
1139,5/4/2025,1055,2032,404,0.0,945.6,198,debit
1140,5/4/2025,1115,2095,403,2.0,0,265,debit
1141,5/4/2025,1092,2046,403,2.0,80.23,317,credit
1142,5/4/2025,1005,2052,401,2.0,1170.02,73,cash
1143,5/4/2025,1173,2077,402,1.0,1516.94,890,debit
1144,5/4/2025,1199,2036,403,2.0,871.92,671,credit
1145,5/4/2025,1172,2065,404,3.0,2822.04,910,cash
1146,5/4/2025,1020,2048,403,3.0,1072.89,355,debit
1147,5/4/2025,1161,2018,402,2.0,1301.42,722,cash
1148,5/4/2025,1107,2080,404,0.0,4993.56,694,cash
1149,5/4/2025,1020,2020,403,1.0,1014.74,545,check
1150,5/4/2025,1080,2040,403,2.0,55.26,205,credit
1151,5/4/2025,1154,2082,404,2.0,639.84,649,cash
1152,5/4/2025,1113,2099,403,3.0,646.32,673,debit
1153,5/4/2025,1105,2021,402,0.0,835.41,412,check
1154,5/4/2025,1032,2093,402,2.0,2419.01,482,cash
1155,5/4/2025,1190,2089,401,1.0,0,171,debit
1156,5/4/2025,1042,2050,401,0.0,1120.68,535,cash
1157,5/4/2025,1016,2060,401,0.0,816.76,263,check
1158,5/4/2025,1197,2050,401,0.0,560.34,208,cash
1159,5/4/2025,1067,2079,402,0.0,1901.08,465,credit
1160,5/4/2025,1167,2049,403,1.0,0,540,credit
1161,5/4/2025,1063,2094,403,3.0,493.35,375,cash
1162,5/4/2025,1160,2016,402,1.0,1162.87,948,check
1163,5/4/2025,1007,2004,403,2.0,2225.4,610,credit
1164,5/4/2025,1121,2059,403,3.0,2048.2,51,check
1165,5/4/2025,1034,2089,402,3.0,2481.12,386,credit
1166,5/4/2025,1161,2095,404,2.0,392.63,841,credit
1167,5/4/2025,1088,2061,402,0.0,799.68,171,debit
1168,5/4/2025,1113,2039,403,3.0,976.44,406,debit
1169,5/4/2025,1066,2019,403,0.0,933.93,406,check
1170,5/4/2025,1000,2066,402,2.0,412.85,247,credit
1171,5/4/2025,1073,2060,401,3.0,0,862,debit
1172,5/4/2025,1193,2061,403,0.0,199.92,90,debit
1173,5/4/2025,1196,2055,403,1.0,194.18,758,cash
1174,5/4/2025,1001,2070,403,1.0,61.52,416,cash
1175,5/4/2025,1105,2071,404,3.0,615.16,542,credit
1176,5/4/2025,1063,2020,404,3.0,375.83,551,debit
1177,5/4/2025,1056,2033,401,3.0,836.25,561,cash
1178,5/4/2025,1160,2030,403,2.0,271.95,827,credit
1179,5/4/2025,1166,2095,403,3.0,1472.37,264,cash
1180,5/4/2025,1048,2008,402,1.0,0,790,check
1181,5/4/2025,1074,2014,404,3.0,738.9,994,credit
1182,5/4/2025,1069,2089,404,1.0,372.17,254,cash
1183,5/4/2025,1082,2002,402,0.0,1732,144,cash
1184,5/4/2025,1136,2002,402,0.0,1732,961,cash
1185,5/4/2025,1072,2034,402,3.0,0,839,debit
1186,5/4/2025,1186,2001,402,0.0,824.7,626,debit
1187,5/4/2025,1038,2001,404,1.0,0,897,credit
1188,5/4/2025,1087,2053,403,3.0,2440.6,977,debit
1189,5/4/2025,1095,2059,401,2.0,1638.56,597,debit
1190,5/4/2025,1020,2096,402,0.0,2688.72,24,cash
1191,5/4/2025,1068,2099,404,0.0,1938.96,226,cash
1192,5/4/2025,1139,2060,402,1.0,1102.63,200,credit
1193,5/4/2025,1064,2048,401,0.0,715.26,398,check
1194,5/4/2025,1196,2091,402,3.0,0,893,check
1195,5/4/2025,1197,2056,402,0.0,1049.44,876,check
1196,5/4/2025,1050,2058,401,1.0,1800.22,119,debit
1197,5/4/2025,1121,2049,403,2.0,751.87,81,check
1198,5/4/2025,1040,2080,401,0.0,1664.52,123,credit
1199,5/4/2025,1064,2061,403,1.0,179.93,150,debit
1200,5/4/2025,1092,2006,402,0.0,198,321,check
1201,5/4/2025,1060,2081,404,2.0,1193.95,996,debit
1202,5/4/2025,1003,2021,403,0.0,2506.23,570,cash
1203,5/4/2025,1101,2031,401,0.0,1130.6,928,cash
1204,5/4/2025,1148,2088,404,1.0,0,546,cash
1205,5/4/2025,1095,2098,401,1.0,2451.22,991,credit
1206,5/4/2025,1040,2063,401,2.0,883.94,749,debit
1207,5/4/2025,1194,2080,401,0.0,1664.52,647,credit
1208,5/4/2025,1091,2082,402,0.0,0,477,check
1209,5/4/2025,1032,2062,402,2.0,1981.95,359,cash
1210,5/4/2025,1142,2082,403,3.0,799.8,780,cash
1211,5/4/2025,1187,2024,401,3.0,372.81,631,debit
1212,5/4/2025,1091,2092,402,2.0,385.77,814,cash
1213,5/4/2025,1010,2062,404,2.0,990.98,797,cash
1214,5/4/2025,1138,2089,404,1.0,744.34,923,debit
1215,5/4/2025,1145,2023,403,2.0,1503.26,780,cash
1216,5/4/2025,1187,2059,403,1.0,1843.38,679,cash
1217,5/4/2025,1017,2067,402,3.0,0,771,check
1218,5/4/2025,1075,2033,403,3.0,836.25,222,credit
1219,5/4/2025,1000,2099,404,1.0,2326.75,3,cash
1220,5/4/2025,1004,2079,403,1.0,0,356,credit
1221,5/4/2025,1082,2092,401,3.0,0,271,cash
1222,5/4/2025,1048,2067,404,1.0,785.56,882,cash
1223,5/4/2025,1156,2036,403,3.0,0,441,cash
1224,5/4/2025,1164,2041,401,0.0,804.21,988,debit
1225,5/4/2025,1133,2084,401,0.0,0,179,check
1226,5/4/2025,1033,2022,401,1.0,604.06,743,cash
1227,5/4/2025,1027,2062,402,0.0,1238.72,478,debit
1228,5/4/2025,1008,2073,404,3.0,1498.29,199,check
1229,5/4/2025,1134,2079,403,0.0,950.54,256,debit
1230,5/4/2025,1093,2028,401,0.0,1275.88,838,cash
1231,5/4/2025,1053,2083,404,0.0,2304.48,120,check
1232,5/4/2025,1119,2081,401,2.0,0,391,check
1233,5/4/2025,1142,2095,404,2.0,1177.9,905,check
1234,5/4/2025,1181,2007,403,0.0,583.39,582,cash
1235,5/4/2025,1187,2009,403,0.0,265.24,269,cash
1236,5/4/2025,1055,2066,401,0.0,2580.3,549,cash
1237,5/4/2025,1185,2029,404,1.0,12.16,605,check
1238,5/4/2025,1049,2067,402,1.0,261.86,691,credit
1239,5/4/2025,1142,2095,404,0.0,1963.16,731,check
1240,5/4/2025,1196,2081,403,3.0,746.22,688,cash
1241,5/4/2025,1179,2085,404,0.0,242.15,544,check
1242,5/4/2025,1042,2023,404,2.0,2254.9,842,credit
1243,5/4/2025,1168,2020,404,2.0,601.33,17,credit
1244,5/4/2025,1080,2070,403,2.0,0,7,cash
1245,5/4/2025,1105,2097,404,2.0,673.68,342,debit
1246,5/4/2025,1155,2030,402,3.0,509.91,111,debit
1247,5/4/2025,1196,2070,403,2.0,27.34,331,cash
1248,5/4/2025,1115,2057,404,0.0,1747.92,185,credit
1249,5/4/2025,1185,2004,403,0.0,2781.75,172,check
1250,5/4/2025,1132,2017,403,0.0,0,435,check
1251,5/4/2025,1076,2028,402,2.0,1020.7,96,check
1252,5/4/2025,1005,2098,403,1.0,3268.3,228,check
1253,5/4/2025,1024,2004,404,2.0,1483.6,391,cash
1254,5/4/2025,1039,2017,403,2.0,370.96,360,check
1255,5/4/2025,1149,2031,402,2.0,904.48,894,cash
1256,5/4/2025,1076,2011,404,1.0,737.53,649,debit
1257,5/4/2025,1187,2009,403,3.0,198.93,432,cash
1258,5/4/2025,1044,2062,401,2.0,495.49,226,credit
1259,5/4/2025,1009,2093,404,0.0,0,923,cash
1260,5/4/2025,1199,2007,403,2.0,1400.14,573,credit
1261,5/4/2025,1111,2053,401,1.0,3294.81,351,check
1262,5/4/2025,1191,2083,401,3.0,768.16,44,check
1263,5/4/2025,1013,2039,401,2.0,1562.3,179,debit
1264,5/4/2025,1138,2072,402,2.0,672.48,119,debit
1265,5/4/2025,1128,2089,402,1.0,744.34,731,cash
1266,5/4/2025,1012,2086,404,3.0,2682.3,54,debit
1267,5/4/2025,1192,2076,401,1.0,1450.93,350,check
1268,5/4/2025,1110,2037,404,1.0,324.13,156,debit
1269,5/4/2025,1033,2043,401,3.0,4367.25,373,check
1270,5/4/2025,1146,2095,401,3.0,1963.16,215,check
1271,5/4/2025,1067,2010,404,3.0,0,625,debit
1272,5/4/2025,1198,2089,402,1.0,744.34,629,check
1273,5/4/2025,1123,2071,402,3.0,1845.48,172,debit
1274,5/4/2025,1101,2083,402,1.0,2074.03,504,cash
1275,5/4/2025,1062,2009,403,3.0,66.31,558,debit
1276,5/4/2025,1082,2087,401,0.0,318.64,805,debit
1277,5/4/2025,1171,2052,404,2.0,0,665,debit
1278,5/4/2025,1089,2024,403,2.0,298.25,227,debit
1279,5/4/2025,1152,2083,401,2.0,1843.58,22,debit
1280,5/4/2025,1043,2044,404,1.0,373.64,123,check
1281,5/4/2025,1112,2005,402,1.0,0,220,credit
1282,5/4/2025,1175,2047,402,0.0,1004.94,533,credit
1283,5/4/2025,1028,2094,401,1.0,888.03,80,cash
1284,5/4/2025,1158,2018,403,0.0,2169.04,42,credit
1285,5/4/2025,1087,2088,401,2.0,567.48,573,check
1286,5/4/2025,1115,2060,401,2.0,980.11,630,debit
1287,5/4/2025,1053,2094,402,1.0,888.03,73,cash
1288,5/4/2025,1139,2066,403,3.0,2580.3,90,cash
1289,5/4/2025,1159,2093,402,0.0,0,110,check
1290,5/4/2025,1096,2074,401,2.0,1055.2,604,debit
1291,5/4/2025,1043,2007,403,1.0,525.05,389,debit
1292,5/4/2025,1178,2079,403,0.0,950.54,610,cash
1293,5/4/2025,1119,2083,401,0.0,768.16,64,credit
1294,5/4/2025,1099,2084,403,2.0,0,493,check
1295,5/4/2025,1027,2002,403,3.0,866,90,cash
1296,5/4/2025,1059,2048,401,2.0,572.21,938,debit
1297,5/4/2025,1124,2076,401,1.0,2176.39,287,debit
1298,5/4/2025,1050,2064,404,0.0,1470.2,127,check
1299,5/4/2025,1010,2031,403,2.0,1356.72,101,debit
1300,5/4/2025,1125,2050,402,0.0,373.56,805,check
1301,5/4/2025,1088,2087,403,2.0,509.82,533,debit
1302,5/4/2025,1160,2038,402,2.0,2223.62,538,check
1303,5/4/2025,1015,2080,403,3.0,2496.78,992,cash
1304,5/4/2025,1007,2071,403,1.0,553.64,234,debit
1305,5/4/2025,1038,2043,404,1.0,786.1,16,credit
1306,5/4/2025,1022,2093,404,1.0,2721.38,992,credit
1307,5/4/2025,1106,2030,402,3.0,1019.82,831,debit
1308,5/4/2025,1079,2077,403,3.0,561.83,201,cash
1309,5/4/2025,1138,2016,402,1.0,872.15,492,cash
1310,5/4/2025,1148,2069,402,1.0,418.3,698,credit
1311,5/4/2025,1079,2088,402,3.0,709.35,667,credit
1312,5/4/2025,1197,2018,402,2.0,867.62,377,debit
1313,5/4/2025,1017,2071,401,1.0,553.64,950,debit
1314,5/4/2025,1081,2018,401,2.0,867.62,784,check
1315,5/4/2025,1105,2052,403,3.0,731.26,488,cash
1316,5/4/2025,1190,2081,403,1.0,0,305,cash
1317,5/4/2025,1199,2024,401,1.0,223.69,629,cash
1318,5/4/2025,1047,2003,403,1.0,346.66,664,debit
1319,5/4/2025,1152,2029,402,0.0,27.02,921,check
1320,5/4/2025,1091,2010,404,1.0,210.17,11,check
1321,5/4/2025,1128,2077,404,2.0,0,806,credit
1322,5/4/2025,1047,2049,404,3.0,0,375,credit
1323,5/4/2025,1035,2020,402,1.0,676.49,55,debit
1324,5/4/2025,1008,2052,401,2.0,585.01,802,check
1325,5/4/2025,1105,2028,402,1.0,1148.29,876,check
1326,5/4/2025,1016,2022,404,3.0,2684.72,60,credit
1327,5/4/2025,1176,2041,404,1.0,1447.58,757,check
1328,5/4/2025,1109,2051,401,3.0,469.28,816,cash
1329,5/4/2025,1184,2040,404,0.0,103.62,415,check
1330,5/4/2025,1133,2013,404,3.0,3741.44,690,debit
1331,5/4/2025,1010,2031,404,0.0,1130.6,934,debit
1332,5/4/2025,1142,2049,401,1.0,0,873,debit
1333,5/4/2025,1074,2056,404,2.0,839.55,331,check
1334,5/4/2025,1198,2036,404,1.0,392.36,124,cash
1335,5/4/2025,1108,2037,401,1.0,648.25,144,credit
1336,5/4/2025,1118,2082,404,0.0,799.8,92,check
1337,5/4/2025,1184,2064,401,1.0,264.64,808,cash
1338,5/4/2025,1199,2074,402,3.0,1978.5,887,cash
1339,5/4/2025,1105,2041,404,0.0,0,109,debit
1340,5/4/2025,1045,2058,402,3.0,0,184,check
1341,5/4/2025,1023,2032,403,1.0,1702.08,366,credit
1342,5/4/2025,1183,2093,401,0.0,2267.82,878,check
1343,5/4/2025,1029,2090,404,2.0,57.31,594,credit
1344,5/4/2025,1021,2067,404,1.0,261.86,658,check
1345,5/4/2025,1096,2070,404,0.0,136.72,406,credit
1346,5/4/2025,1196,2021,403,1.0,751.87,171,check
1347,5/4/2025,1041,2018,402,0.0,1084.52,873,check
1348,5/4/2025,1107,2039,403,3.0,0,517,debit
1349,5/4/2025,1073,2080,402,0.0,3329.04,837,debit
1350,5/4/2025,1033,2025,401,2.0,671.09,584,credit
1351,5/4/2025,1003,2058,404,3.0,2000.25,918,credit
1352,5/4/2025,1139,2000,404,1.0,1744.76,422,credit
1353,5/4/2025,1055,2075,404,3.0,3122.56,966,credit
1354,5/4/2025,1104,2056,401,0.0,1574.16,217,check
1355,5/4/2025,1062,2070,403,1.0,30.76,448,check
1356,5/4/2025,1012,2023,402,0.0,2818.62,345,cash
1357,5/4/2025,1167,2044,401,1.0,560.47,37,cash
1358,5/4/2025,1008,2085,403,2.0,0,426,debit
1359,5/4/2025,1022,2006,401,3.0,990,70,credit
1360,5/4/2025,1045,2020,403,1.0,1352.99,797,credit
1361,5/4/2025,1116,2095,403,0.0,981.58,142,check
1362,5/4/2025,1023,2098,403,2.0,1452.58,946,credit
1363,5/4/2025,1094,2048,401,3.0,1072.89,826,cash
1364,5/4/2025,1140,2008,403,3.0,0,703,debit
1365,5/4/2025,1034,2015,403,2.0,1079.95,966,check
1366,5/4/2025,1134,2052,402,1.0,1316.27,77,check
1367,5/4/2025,1156,2007,401,0.0,1750.17,651,cash
1368,5/4/2025,1123,2092,403,3.0,0,407,debit
1369,5/4/2025,1155,2040,403,2.0,27.63,450,credit
1370,5/4/2025,1033,2078,404,3.0,568.04,514,debit
1371,5/4/2025,1126,2023,402,2.0,2254.9,1000,cash
1372,5/4/2025,1049,2000,401,0.0,3877.24,764,credit
1373,5/4/2025,1119,2080,401,1.0,0,980,check
1374,5/4/2025,1157,2053,404,0.0,1830.45,739,check
1375,5/4/2025,1085,2044,402,0.0,207.58,534,debit
1376,5/4/2025,1163,2025,403,2.0,447.39,759,credit
1377,5/4/2025,1017,2039,403,2.0,3905.76,413,debit
1378,5/4/2025,1196,2000,401,2.0,0,923,cash
1379,5/4/2025,1087,2050,401,1.0,168.1,467,cash
1380,5/4/2025,1049,2042,403,3.0,670.44,329,check
1381,5/4/2025,1121,2004,402,3.0,3709,513,check
1382,5/4/2025,1039,2080,404,2.0,665.81,514,credit
1383,5/4/2025,1118,2052,401,2.0,0,415,debit
1384,5/4/2025,1144,2092,403,0.0,1446.63,822,check
1385,5/4/2025,1053,2073,403,2.0,1198.63,806,check
1386,5/4/2025,1016,2019,403,0.0,0,774,check
1387,5/4/2025,1086,2048,402,3.0,1072.89,804,cash
1388,5/4/2025,1047,2076,401,2.0,0,58,check
1389,5/4/2025,1180,2040,401,2.0,110.53,937,credit
1390,5/4/2025,1105,2011,404,1.0,0,670,credit
1391,5/4/2025,1095,2057,403,1.0,786.56,243,cash
1392,5/4/2025,1134,2038,402,0.0,926.51,625,cash
1393,5/4/2025,1095,2004,402,0.0,0,363,credit
1394,5/4/2025,1113,2064,401,3.0,294.04,364,check
1395,5/4/2025,1128,2019,402,2.0,1494.29,918,cash
1396,5/4/2025,1123,2093,403,2.0,3023.76,966,check
1397,5/4/2025,1036,2098,401,1.0,817.07,4,cash
1398,5/4/2025,1052,2092,401,3.0,1928.84,498,debit
1399,5/4/2025,1099,2091,401,0.0,905.79,344,check
1400,5/4/2025,1079,2005,401,2.0,1715.12,132,cash
1401,5/4/2025,1119,2005,401,2.0,686.05,148,debit
1402,5/4/2025,1005,2073,403,1.0,0,832,cash
1403,5/4/2025,1082,2025,402,2.0,223.7,761,check
1404,5/4/2025,1070,2068,403,3.0,2460.72,883,cash
1405,5/4/2025,1171,2015,403,1.0,0,789,check
1406,5/4/2025,1040,2035,401,0.0,899.99,884,check
1407,5/4/2025,1159,2071,401,1.0,1660.93,102,check
1408,5/4/2025,1138,2044,403,2.0,0,869,debit
1409,5/4/2025,1036,2090,403,1.0,0,416,debit
1410,5/4/2025,1043,2009,403,2.0,106.1,654,debit
1411,5/4/2025,1138,2056,401,1.0,944.5,564,check
1412,5/4/2025,1007,2060,401,0.0,816.76,490,credit
1413,5/4/2025,1098,2006,401,3.0,990,46,cash
1414,5/4/2025,1100,2022,404,2.0,1610.83,196,credit
1415,5/4/2025,1079,2042,402,0.0,167.61,670,cash
1416,5/4/2025,1193,2097,404,1.0,2273.67,63,debit
1417,5/4/2025,1023,2089,404,0.0,413.52,298,cash
1418,5/4/2025,1116,2039,404,3.0,3905.76,374,credit
1419,5/4/2025,1059,2028,402,2.0,1531.06,635,debit
1420,5/4/2025,1093,2050,402,2.0,298.85,766,credit
1421,5/4/2025,1083,2058,404,0.0,2000.25,106,cash
1422,5/4/2025,1016,2060,401,2.0,653.41,953,credit
1423,5/4/2025,1122,2059,402,2.0,1228.92,962,debit
1424,5/4/2025,1196,2044,402,0.0,207.58,898,cash
1425,5/4/2025,1103,2091,401,2.0,2173.9,924,cash
1426,5/4/2025,1142,2083,401,2.0,1229.06,246,cash
1427,5/4/2025,1136,2059,404,3.0,2560.25,15,credit
1428,5/4/2025,1061,2079,402,1.0,2566.46,38,check
1429,5/4/2025,1123,2049,401,2.0,751.87,8,credit
1430,5/4/2025,1053,2088,404,3.0,709.35,319,check
1431,5/4/2025,1145,2043,402,1.0,1572.21,399,check
1432,5/4/2025,1169,2085,401,3.0,1210.75,604,debit
1433,5/4/2025,1029,2075,404,2.0,1249.02,868,credit
1434,5/4/2025,1142,2012,404,1.0,1682.61,973,cash
1435,5/4/2025,1078,2051,401,0.0,117.32,700,credit
1436,5/4/2025,1175,2076,404,2.0,1289.71,285,check
1437,5/4/2025,1126,2082,401,0.0,1066.4,570,credit
1438,5/4/2025,1055,2017,401,1.0,1669.32,994,debit
1439,5/4/2025,1169,2019,404,2.0,747.14,936,credit
1440,5/4/2025,1099,2078,404,1.0,383.43,633,debit
1441,5/4/2025,1052,2087,403,2.0,0,126,debit
1442,5/4/2025,1145,2086,403,3.0,2682.3,636,credit
1443,5/4/2025,1183,2044,401,0.0,1037.9,364,debit
1444,5/4/2025,1156,2065,404,1.0,423.31,480,credit
1445,5/4/2025,1075,2007,403,0.0,1166.78,368,debit
1446,5/4/2025,1000,2090,403,0.0,143.28,418,check
1447,5/4/2025,1072,2003,402,3.0,0,673,check
1448,5/4/2025,1179,2075,404,2.0,1873.54,962,cash
1449,5/4/2025,1182,2048,404,3.0,357.63,853,cash
1450,5/4/2025,1111,2069,402,1.0,836.6,750,check
1451,5/4/2025,1121,2017,402,3.0,2782.2,453,check
1452,5/4/2025,1092,2053,402,2.0,1464.36,134,debit
1453,5/4/2025,1171,2016,402,0.0,646.04,680,cash
1454,5/4/2025,1018,2082,401,1.0,0,340,credit
1455,5/4/2025,1184,2062,404,1.0,1672.27,836,credit
1456,5/4/2025,1021,2017,404,3.0,463.7,643,debit
1457,5/4/2025,1178,2077,404,1.0,505.65,823,debit
1458,5/4/2025,1116,2065,404,3.0,470.34,69,cash
1459,5/4/2025,1098,2045,402,1.0,280.93,106,cash
1460,5/4/2025,1108,2077,401,3.0,1685.49,666,debit
1461,5/4/2025,1187,2030,403,3.0,509.91,975,debit
1462,5/4/2025,1139,2073,403,0.0,499.43,313,cash
1463,5/4/2025,1009,2072,404,2.0,0,393,credit
1464,5/4/2025,1028,2074,404,0.0,3297.5,978,credit
1465,5/4/2025,1036,2093,403,3.0,0,333,cash
1466,5/4/2025,1132,2010,401,1.0,0,210,cash
1467,5/4/2025,1120,2080,401,2.0,665.81,705,cash
1468,5/4/2025,1156,2006,403,0.0,198,473,debit
1469,5/4/2025,1120,2058,404,2.0,1600.2,405,credit
1470,5/4/2025,1107,2045,403,2.0,249.71,436,credit
1471,5/4/2025,1042,2004,403,2.0,0,46,debit
1472,5/4/2025,1015,2080,404,1.0,749.03,2,debit
1473,5/4/2025,1146,2006,403,0.0,792,236,cash
1474,5/4/2025,1073,2062,401,1.0,1114.85,187,check
1475,5/4/2025,1129,2009,403,2.0,0,496,debit
1476,5/4/2025,1033,2078,403,2.0,340.82,708,check
1477,5/4/2025,1065,2001,401,1.0,371.12,372,credit
1478,5/4/2025,1151,2094,402,3.0,493.35,971,credit
1479,5/4/2025,1094,2022,403,1.0,0,263,debit
1480,5/4/2025,1124,2023,401,2.0,2254.9,527,debit
1481,5/4/2025,1021,2018,402,3.0,542.26,237,credit
1482,5/4/2025,1192,2052,404,1.0,0,919,cash
1483,5/4/2025,1169,2056,402,1.0,944.5,377,credit
1484,5/4/2025,1147,2093,403,0.0,2267.82,374,cash
1485,5/4/2025,1164,2033,401,0.0,836.25,937,debit
1486,5/4/2025,1042,2059,404,3.0,3072.3,11,check
1487,5/4/2025,1077,2060,402,3.0,1633.52,575,check
1488,5/4/2025,1174,2090,404,3.0,286.56,235,credit
1489,5/4/2025,1067,2018,404,0.0,2169.04,411,check
1490,5/4/2025,1073,2057,404,2.0,349.58,715,check
1491,5/4/2025,1135,2087,401,0.0,318.64,849,credit
1492,5/4/2025,1136,2081,403,3.0,2238.66,218,credit
1493,5/4/2025,1156,2083,403,2.0,1229.06,722,cash
1494,5/4/2025,1069,2034,401,2.0,217.87,709,credit
1495,5/4/2025,1167,2074,404,3.0,2638,180,credit
1496,5/4/2025,1197,2086,402,1.0,2414.07,256,cash
1497,5/4/2025,1133,2043,402,2.0,1397.52,723,check
1498,5/4/2025,1140,2001,401,0.0,1237.05,793,check
1499,5/4/2025,1003,2052,401,0.0,731.26,355,check
1500,5/4/2025,1175,2057,403,1.0,1179.85,757,check
1501,5/4/2025,1185,2036,403,1.0,980.91,862,cash
1502,5/4/2025,1008,2003,401,0.0,0,106,credit
1503,5/4/2025,1152,2084,402,0.0,281.85,894,check
1504,5/4/2025,1181,2015,401,1.0,1214.95,830,cash
1505,5/4/2025,1096,2084,402,0.0,0,314,cash
1506,5/4/2025,1178,2023,403,2.0,1503.26,288,debit
1507,5/4/2025,1119,2084,401,3.0,0,183,credit
1508,5/4/2025,1070,2098,404,2.0,1452.58,584,debit
1509,5/4/2025,1065,2020,401,2.0,300.66,20,cash
1510,5/4/2025,1198,2007,404,3.0,2333.56,537,check
1511,5/4/2025,1085,2007,403,2.0,933.42,27,credit
1512,5/4/2025,1045,2056,401,3.0,3148.32,749,cash
1513,5/4/2025,1051,2078,404,1.0,383.43,990,credit
1514,5/4/2025,1165,2062,401,1.0,557.42,671,cash
1515,5/4/2025,1138,2098,404,1.0,817.07,746,cash
1516,5/4/2025,1157,2082,401,3.0,1066.4,969,credit
1517,5/4/2025,1183,2033,401,0.0,0,530,debit
1518,5/4/2025,1018,2009,403,3.0,0,244,credit
1519,5/4/2025,1004,2063,402,0.0,552.46,297,cash
1520,5/4/2025,1009,2085,404,2.0,193.72,828,cash
1521,5/4/2025,1038,2089,403,3.0,1240.56,79,check
1522,5/4/2025,1147,2000,404,3.0,4846.55,143,cash
1523,5/4/2025,1111,2051,401,1.0,211.18,137,cash
1524,5/4/2025,1000,2049,404,0.0,5639.04,742,debit
1525,5/4/2025,1145,2068,403,2.0,656.19,944,debit
1526,5/4/2025,1174,2038,404,0.0,1853.02,193,check
1527,5/4/2025,1161,2082,401,2.0,213.28,870,credit
1528,5/4/2025,1136,2043,401,3.0,3493.8,423,check
1529,5/4/2025,1194,2098,403,1.0,2451.22,986,debit
1530,5/4/2025,1045,2070,401,3.0,102.54,962,debit
1531,5/4/2025,1169,2024,403,3.0,621.35,905,credit
1532,5/4/2025,1027,2080,403,3.0,2496.78,9,credit
1533,5/4/2025,1021,2080,404,1.0,2247.1,914,cash
1534,5/4/2025,1035,2004,402,0.0,1854.5,282,debit
1535,5/4/2025,1184,2075,402,3.0,2341.92,407,cash
1536,5/4/2025,1099,2008,403,3.0,66.59,795,check
1537,5/4/2025,1136,2057,401,0.0,1310.94,317,debit
1538,5/4/2025,1086,2007,403,0.0,1750.17,763,cash
1539,5/4/2025,1103,2015,402,3.0,2024.91,815,debit
1540,5/4/2025,1173,2068,402,1.0,0,636,cash
1541,5/4/2025,1018,2004,402,3.0,927.25,113,cash
1542,5/4/2025,1167,2002,404,0.0,866,478,debit
1543,5/4/2025,1062,2089,402,0.0,2067.6,308,credit
1544,5/4/2025,1044,2080,401,2.0,665.81,626,debit
1545,5/4/2025,1024,2058,402,0.0,2000.25,239,credit
1546,5/4/2025,1027,2014,404,1.0,443.34,481,cash
1547,5/4/2025,1016,2025,404,2.0,671.09,604,check
1548,5/4/2025,1188,2086,404,2.0,2861.12,307,cash
1549,5/4/2025,1030,2087,402,2.0,382.37,938,credit
1550,5/4/2025,1054,2097,401,1.0,2273.67,327,debit
1551,5/4/2025,1085,2008,401,2.0,106.54,398,credit
1552,5/4/2025,1036,2096,404,1.0,1814.89,101,credit
1553,5/4/2025,1178,2047,402,3.0,1004.94,483,credit
1554,5/4/2025,1062,2074,401,1.0,1187.1,920,check
1555,5/4/2025,1025,2080,404,1.0,3745.17,952,debit
1556,5/4/2025,1004,2062,401,0.0,2477.44,134,check
1557,5/4/2025,1001,2022,401,2.0,536.94,424,cash
1558,5/4/2025,1106,2088,404,1.0,1276.83,897,credit
1559,5/4/2025,1052,2018,403,3.0,2169.04,521,check
1560,5/4/2025,1105,2030,402,0.0,339.94,603,check
1561,5/4/2025,1152,2023,404,0.0,1879.08,803,credit
1562,5/4/2025,1160,2038,403,3.0,0,268,check
1563,5/4/2025,1001,2071,402,1.0,1660.93,259,credit
1564,5/4/2025,1030,2067,401,2.0,465.52,756,debit
1565,5/4/2025,1194,2069,402,3.0,929.56,622,check
1566,5/4/2025,1197,2080,402,2.0,1331.62,84,cash
1567,5/4/2025,1013,2024,401,1.0,335.53,120,credit
1568,5/4/2025,1175,2060,404,1.0,735.08,272,debit
1569,5/4/2025,1040,2085,401,0.0,484.3,729,check
1570,5/4/2025,1165,2046,403,1.0,60.17,368,debit
1571,5/4/2025,1111,2032,403,3.0,3782.4,902,debit
1572,5/4/2025,1011,2013,401,1.0,1683.65,236,credit
1573,5/4/2025,1040,2003,404,0.0,385.18,946,credit
1574,5/4/2025,1018,2030,404,2.0,135.98,294,credit
1575,5/4/2025,1107,2025,403,1.0,754.97,502,check
1576,5/4/2025,1199,2014,403,1.0,0,458,check
1577,5/4/2025,1025,2030,404,1.0,0,762,cash
1578,5/4/2025,1096,2028,401,3.0,2551.76,708,cash
1579,5/4/2025,1149,2062,401,3.0,1858.08,509,check
1580,5/4/2025,1037,2027,404,1.0,465.5,369,credit
1581,5/4/2025,1099,2047,402,3.0,0,56,debit
1582,5/4/2025,1184,2024,403,2.0,198.83,428,check
1583,5/4/2025,1051,2042,402,0.0,167.61,951,credit
1584,5/4/2025,1177,2072,401,2.0,672.48,203,credit
1585,5/4/2025,1034,2014,404,3.0,985.2,927,cash
1586,5/4/2025,1107,2021,403,1.0,751.87,614,cash
1587,5/4/2025,1075,2077,402,1.0,2528.24,718,check
1588,5/4/2025,1147,2070,402,0.0,34.18,653,check
1589,5/4/2025,1105,2066,404,1.0,928.91,94,cash
1590,5/4/2025,1151,2060,404,2.0,653.41,379,cash
1591,5/4/2025,1003,2093,404,1.0,680.35,859,debit
1592,5/4/2025,1063,2041,404,1.0,2171.37,882,cash
1593,5/4/2025,1151,2019,401,3.0,933.93,28,debit
1594,5/4/2025,1011,2005,404,0.0,428.78,615,debit
1595,5/4/2025,1108,2067,404,3.0,290.95,72,check
1596,5/4/2025,1178,2012,404,3.0,623.19,939,debit
1597,5/4/2025,1061,2010,401,3.0,389.2,223,cash
1598,5/4/2025,1055,2016,403,2.0,0,20,cash
1599,5/4/2025,1061,2082,401,0.0,266.6,812,debit
1600,5/4/2025,1122,2085,403,1.0,217.94,904,check
1601,5/4/2025,1180,2058,401,3.0,666.75,73,cash
1602,5/4/2025,1118,2098,402,3.0,907.86,771,debit
1603,5/4/2025,1047,2047,404,0.0,334.98,255,check
1604,5/4/2025,1160,2009,404,2.0,0,585,credit
1605,5/4/2025,1135,2004,403,3.0,3709,46,cash
1606,5/4/2025,1192,2034,402,0.0,0,182,check
1607,5/4/2025,1158,2042,401,2.0,402.26,398,debit
1608,5/4/2025,1013,2014,404,2.0,197.04,696,cash
1609,5/4/2025,1119,2079,401,2.0,4562.59,255,check
1610,5/4/2025,1093,2022,401,1.0,604.06,50,cash
1611,5/4/2025,1035,2042,402,0.0,335.22,963,check
1612,5/4/2025,1166,2061,402,1.0,179.93,264,debit
1613,5/4/2025,1082,2045,403,3.0,312.14,792,cash
1614,5/4/2025,1070,2006,401,2.0,633.6,559,check
1615,5/4/2025,1088,2057,404,0.0,436.98,223,cash
1616,5/4/2025,1120,2090,403,3.0,214.92,779,credit
1617,5/4/2025,1158,2047,401,1.0,904.45,348,check
1618,5/4/2025,1117,2011,401,3.0,0,701,debit
1619,5/4/2025,1045,2036,401,0.0,217.98,275,debit
1620,5/4/2025,1042,2035,401,1.0,809.99,468,check
1621,5/4/2025,1127,2019,402,0.0,933.93,795,check
1622,5/4/2025,1075,2053,402,3.0,2440.6,980,credit
1623,5/4/2025,1088,2053,404,0.0,610.15,416,cash
1624,5/4/2025,1074,2024,401,0.0,248.54,737,cash
1625,5/4/2025,1059,2066,403,3.0,2064.24,179,debit
1626,5/4/2025,1148,2043,403,3.0,873.45,727,cash
1627,5/4/2025,1151,2085,404,3.0,726.45,935,check
1628,5/4/2025,1077,2072,402,2.0,1008.72,156,debit
1629,5/4/2025,1043,2033,402,3.0,836.25,77,check
1630,5/4/2025,1095,2036,401,1.0,392.36,216,credit
1631,5/4/2025,1090,2036,404,1.0,588.55,811,credit
1632,5/4/2025,1158,2020,403,1.0,676.49,999,check
1633,5/4/2025,1044,2090,402,1.0,0,700,credit
1634,5/4/2025,1060,2014,401,2.0,591.12,639,debit
1635,5/4/2025,1147,2016,404,2.0,516.83,490,check
1636,5/4/2025,1094,2023,402,0.0,1879.08,606,credit
1637,5/4/2025,1170,2040,403,1.0,0,31,check
1638,5/4/2025,1095,2057,402,2.0,349.58,993,credit
1639,5/4/2025,1031,2003,404,3.0,0,911,debit
1640,5/4/2025,1196,2018,404,2.0,433.81,741,check
1641,5/4/2025,1039,2000,403,2.0,775.45,834,check
1642,5/4/2025,1121,2037,402,3.0,1080.42,139,cash
1643,5/4/2025,1086,2088,401,3.0,2837.4,483,debit
1644,5/4/2025,1010,2017,401,2.0,1112.88,508,debit
1645,5/4/2025,1006,2051,402,3.0,351.96,314,debit
1646,5/4/2025,1091,2011,403,0.0,819.48,135,credit
1647,5/4/2025,1155,2082,402,1.0,959.76,604,debit
1648,5/4/2025,1005,2098,403,1.0,817.07,366,debit
1649,5/4/2025,1005,2010,404,0.0,233.52,949,cash
1650,5/4/2025,1131,2050,402,3.0,747.12,672,debit
1651,5/4/2025,1081,2077,401,2.0,1797.86,257,cash
1652,5/4/2025,1101,2018,404,2.0,867.62,435,credit
1653,5/4/2025,1098,2047,401,2.0,1071.94,517,debit
1654,5/4/2025,1088,2044,403,3.0,830.32,548,debit
1655,5/4/2025,1143,2011,402,3.0,1229.22,529,credit
1656,5/4/2025,1189,2053,404,2.0,1464.36,633,credit
1657,5/4/2025,1041,2093,404,3.0,2267.82,186,cash
1658,5/4/2025,1035,2075,401,1.0,1405.15,717,credit
1659,5/4/2025,1053,2038,404,2.0,2964.83,565,credit
1660,5/4/2025,1016,2075,404,0.0,3122.56,261,cash
1661,5/4/2025,1001,2052,403,3.0,731.26,132,debit
1662,5/4/2025,1044,2071,404,1.0,553.64,182,credit
1663,5/4/2025,1051,2023,404,2.0,0,973,credit
1664,5/4/2025,1141,2062,401,2.0,1486.46,889,check
1665,5/4/2025,1149,2038,404,3.0,926.51,637,credit
1666,5/4/2025,1057,2003,401,1.0,2079.97,30,credit
1667,5/4/2025,1067,2038,404,0.0,926.51,296,debit
1668,5/4/2025,1167,2085,403,3.0,242.15,801,credit
1669,5/4/2025,1045,2062,402,0.0,1858.08,631,cash
1670,5/4/2025,1030,2097,403,3.0,3368.4,628,debit
1671,5/4/2025,1017,2076,403,3.0,0,947,debit
1672,5/4/2025,1144,2055,403,3.0,161.82,710,cash
1673,5/4/2025,1177,2015,403,0.0,674.97,810,check
1674,5/4/2025,1066,2020,401,1.0,1014.74,76,cash
1675,5/4/2025,1081,2059,402,2.0,409.64,756,debit
1676,5/4/2025,1041,2006,403,2.0,475.2,862,credit
1677,5/4/2025,1107,2081,403,0.0,3731.1,119,credit
1678,5/4/2025,1074,2037,401,1.0,0,34,credit
1679,5/4/2025,1196,2080,402,0.0,832.26,161,credit
1680,5/4/2025,1153,2096,402,2.0,1075.49,921,cash
1681,5/4/2025,1080,2087,403,2.0,127.46,854,credit
1682,5/4/2025,1175,2089,403,0.0,2067.6,291,cash
1683,5/4/2025,1136,2074,403,1.0,593.55,95,cash
1684,5/4/2025,1003,2017,403,2.0,1112.88,660,cash
1685,5/4/2025,1199,2062,404,2.0,990.98,965,check
1686,5/4/2025,1041,2013,402,1.0,1683.65,485,check
1687,5/4/2025,1128,2028,402,0.0,0,71,credit
1688,5/4/2025,1106,2058,401,0.0,1333.5,809,credit
1689,5/4/2025,1033,2002,404,2.0,1385.6,47,credit
1690,5/4/2025,1079,2088,403,1.0,2553.66,476,check
1691,5/4/2025,1113,2076,403,1.0,0,963,debit
1692,5/4/2025,1181,2038,401,0.0,2779.53,252,credit
1693,5/4/2025,1056,2016,402,1.0,872.15,381,credit
1694,5/4/2025,1078,2016,402,1.0,872.15,96,debit
1695,5/4/2025,1020,2054,401,0.0,1801.02,987,cash
1696,5/4/2025,1004,2099,404,3.0,0,454,cash
1697,5/4/2025,1010,2025,401,0.0,559.24,105,credit
1698,5/4/2025,1168,2065,401,3.0,1411.02,802,check
1699,5/4/2025,1030,2032,401,0.0,945.6,480,cash
1700,5/4/2025,1077,2085,401,0.0,0,35,debit
1701,5/4/2025,1005,2015,402,1.0,0,434,cash
1702,5/4/2025,1047,2085,403,0.0,242.15,363,cash
1703,5/4/2025,1023,2018,403,2.0,0,319,credit
1704,5/4/2025,1090,2020,402,0.0,751.66,460,debit
1705,5/4/2025,1025,2074,401,1.0,593.55,92,debit
1706,5/4/2025,1183,2024,403,1.0,335.53,907,credit
1707,5/4/2025,1193,2068,401,0.0,820.24,849,debit
1708,5/4/2025,1054,2064,404,2.0,235.23,998,debit
1709,5/4/2025,1178,2075,402,3.0,5464.48,562,check
1710,5/4/2025,1172,2013,402,2.0,2244.86,843,credit
1711,5/4/2025,1097,2054,402,1.0,810.46,951,debit
1712,5/4/2025,1104,2014,403,0.0,246.3,640,debit
1713,5/4/2025,1119,2014,402,3.0,1231.5,967,debit
1714,5/4/2025,1195,2046,403,0.0,100.29,822,cash
1715,5/4/2025,1021,2041,404,0.0,0,75,debit
1716,5/4/2025,1098,2036,404,2.0,0,203,check
1717,5/4/2025,1175,2056,402,3.0,2098.88,758,check
1718,5/4/2025,1074,2054,402,0.0,2701.53,559,credit
1719,5/4/2025,1121,2086,403,1.0,3218.76,949,cash
1720,5/4/2025,1003,2086,404,0.0,1788.2,669,check
1721,5/4/2025,1101,2056,401,0.0,524.72,679,check
1722,5/4/2025,1036,2050,404,0.0,747.12,720,check
1723,5/4/2025,1189,2021,401,2.0,1336.66,281,credit
1724,5/4/2025,1050,2043,402,3.0,873.45,556,cash
1725,5/4/2025,1031,2029,404,3.0,40.53,575,cash
1726,5/4/2025,1071,2097,403,3.0,2526.3,616,debit
1727,5/4/2025,1091,2060,404,3.0,1225.14,652,credit
1728,5/4/2025,1130,2035,402,3.0,899.99,879,cash
1729,5/4/2025,1027,2015,403,3.0,0,445,debit
1730,5/4/2025,1127,2029,402,0.0,40.53,13,credit
1731,5/4/2025,1025,2094,401,0.0,1973.4,73,cash
1732,5/4/2025,1127,2086,401,1.0,4828.14,854,check
1733,5/4/2025,1097,2077,403,1.0,2022.59,480,check
1734,5/4/2025,1077,2079,401,0.0,1901.08,839,check
1735,5/4/2025,1169,2096,404,3.0,672.18,341,debit
1736,5/4/2025,1051,2037,404,3.0,1800.7,927,debit
1737,5/4/2025,1129,2033,403,0.0,1672.5,579,credit
1738,5/4/2025,1195,2004,404,0.0,2781.75,490,cash
1739,5/4/2025,1098,2057,403,3.0,1310.94,846,debit
1740,5/4/2025,1113,2058,401,0.0,2000.25,298,check
1741,5/4/2025,1045,2071,403,1.0,0,798,credit
1742,5/4/2025,1125,2055,402,2.0,86.3,901,check
1743,5/4/2025,1183,2049,404,0.0,1879.68,691,cash
1744,5/4/2025,1145,2086,404,3.0,2682.3,481,check
1745,5/4/2025,1121,2071,402,0.0,1845.48,698,cash
1746,5/4/2025,1100,2033,404,3.0,2508.75,886,debit
1747,5/4/2025,1157,2086,403,2.0,1430.56,35,check
1748,5/4/2025,1082,2007,401,0.0,1750.17,956,cash
1749,5/4/2025,1032,2046,403,0.0,167.15,588,debit
1750,5/4/2025,1195,2080,403,3.0,3329.04,291,credit
1751,5/4/2025,1024,2054,403,2.0,0,529,credit
1752,5/4/2025,1105,2044,401,1.0,373.64,310,debit
1753,5/4/2025,1063,2030,403,0.0,509.91,137,credit
1754,5/4/2025,1176,2008,403,0.0,133.18,362,cash
1755,5/4/2025,1086,2021,401,2.0,2004.98,471,credit
1756,5/4/2025,1009,2058,404,3.0,2000.25,543,debit
1757,5/4/2025,1068,2002,404,0.0,0,526,check
1758,5/4/2025,1081,2048,404,2.0,572.21,130,cash
1759,5/4/2025,1146,2012,404,0.0,623.19,743,debit
1760,5/4/2025,1176,2086,402,2.0,1430.56,355,credit
1761,5/4/2025,1127,2064,403,1.0,529.27,514,check
1762,5/4/2025,1157,2038,403,3.0,4632.55,66,debit
1763,5/4/2025,1051,2063,401,1.0,0,968,credit
1764,5/4/2025,1073,2033,401,2.0,1338,91,check
1765,5/4/2025,1146,2051,402,0.0,0,452,cash
1766,5/4/2025,1183,2074,401,2.0,0,546,debit
1767,5/4/2025,1069,2008,404,3.0,66.59,214,cash
1768,5/4/2025,1053,2044,401,2.0,332.13,964,check
1769,5/4/2025,1129,2038,404,2.0,0,534,check
1770,5/4/2025,1051,2053,404,2.0,488.12,252,credit
1771,5/4/2025,1159,2065,404,1.0,1693.22,625,cash
1772,5/4/2025,1004,2080,402,3.0,3329.04,964,check
1773,5/4/2025,1054,2084,404,2.0,901.92,928,cash
1774,5/4/2025,1163,2068,404,0.0,1640.48,182,check
1775,5/4/2025,1133,2025,403,3.0,838.86,156,cash
1776,5/4/2025,1037,2030,402,2.0,271.95,1,debit
1777,5/4/2025,1111,2052,403,0.0,731.26,820,debit
1778,5/4/2025,1162,2026,404,2.0,169.25,463,check
1779,5/4/2025,1073,2082,402,2.0,213.28,440,debit
1780,5/4/2025,1175,2076,402,3.0,806.07,732,check
1781,5/4/2025,1061,2014,402,1.0,665.01,572,cash
1782,5/4/2025,1007,2031,403,3.0,1695.9,710,check
1783,5/4/2025,1124,2071,404,3.0,1845.48,24,cash
1784,5/4/2025,1165,2004,402,1.0,1669.05,410,check
1785,5/4/2025,1069,2017,401,2.0,0,178,debit
1786,5/4/2025,1071,2084,402,0.0,281.85,550,debit
1787,5/4/2025,1184,2062,401,0.0,2477.44,237,check
1788,5/4/2025,1021,2040,403,0.0,69.08,251,debit
1789,5/4/2025,1104,2046,401,3.0,167.15,453,cash
1790,5/4/2025,1185,2017,402,0.0,1854.8,345,credit
1791,5/4/2025,1146,2094,401,2.0,789.36,360,cash
1792,5/4/2025,1127,2011,402,0.0,409.74,563,debit
1793,5/4/2025,1197,2040,403,3.0,138.16,141,credit
1794,5/4/2025,1191,2095,402,3.0,1963.16,905,credit
1795,5/4/2025,1055,2018,401,1.0,488.03,30,credit
1796,5/4/2025,1054,2035,404,3.0,899.99,559,credit
1797,5/4/2025,1065,2075,401,3.0,3903.2,907,cash
1798,5/4/2025,1136,2047,401,2.0,267.98,48,credit
1799,5/4/2025,1139,2054,404,1.0,3241.84,98,debit
1800,5/4/2025,1071,2018,403,3.0,0,215,check
1801,5/4/2025,1183,2047,403,0.0,1004.94,18,cash
1802,5/4/2025,1165,2077,401,0.0,1685.49,381,credit
1803,5/4/2025,1176,2085,402,2.0,581.16,30,cash
1804,5/4/2025,1141,2049,403,2.0,1503.74,446,check
1805,5/4/2025,1175,2015,402,3.0,674.97,398,credit
1806,5/4/2025,1099,2001,404,2.0,0,813,debit
1807,5/4/2025,1077,2011,402,2.0,655.58,52,credit
1808,5/4/2025,1053,2020,404,2.0,601.33,334,cash
1809,5/4/2025,1196,2082,404,0.0,533.2,932,check
1810,5/4/2025,1070,2010,404,3.0,311.36,525,debit
1811,5/4/2025,1188,2052,403,3.0,2925.04,709,cash
1812,5/4/2025,1025,2020,403,0.0,375.83,252,cash
1813,5/4/2025,1090,2053,403,3.0,1830.45,849,check
1814,5/4/2025,1177,2003,401,1.0,346.66,805,credit
1815,5/4/2025,1161,2056,402,0.0,1049.44,345,debit
1816,5/4/2025,1102,2025,403,2.0,0,777,credit
1817,5/4/2025,1147,2010,401,1.0,70.06,27,cash
1818,5/4/2025,1063,2066,402,3.0,516.06,814,check
1819,5/4/2025,1081,2057,404,1.0,786.56,339,debit
1820,5/4/2025,1066,2022,403,2.0,536.94,19,debit
1821,5/4/2025,1050,2010,404,2.0,62.27,92,cash
1822,5/4/2025,1046,2050,404,1.0,336.2,831,credit
1823,5/4/2025,1005,2002,402,0.0,3464,675,debit
1824,5/4/2025,1118,2025,403,1.0,0,334,cash
1825,5/4/2025,1012,2051,404,2.0,93.86,134,debit
1826,5/4/2025,1038,2011,403,1.0,1475.06,19,check
1827,5/4/2025,1145,2015,401,3.0,2024.91,374,debit
1828,5/4/2025,1197,2058,404,0.0,666.75,593,check
1829,5/4/2025,1057,2091,402,1.0,815.21,329,debit
1830,5/4/2025,1005,2034,403,3.0,544.68,171,credit
1831,5/4/2025,1097,2016,404,1.0,290.72,669,cash
1832,5/4/2025,1153,2027,403,1.0,698.25,4,cash
1833,5/4/2025,1107,2023,404,1.0,2536.76,349,check
1834,5/4/2025,1007,2037,403,1.0,648.25,954,credit
1835,5/4/2025,1158,2057,402,2.0,699.17,841,cash
1836,5/4/2025,1149,2087,404,0.0,637.28,883,debit
1837,5/4/2025,1002,2060,402,2.0,326.7,529,debit
1838,5/4/2025,1177,2050,402,3.0,186.78,746,debit
1839,5/4/2025,1181,2054,403,0.0,1801.02,782,credit
1840,5/4/2025,1024,2071,401,0.0,615.16,521,credit
1841,5/4/2025,1085,2030,404,2.0,407.93,504,check
1842,5/4/2025,1155,2085,401,0.0,726.45,440,credit
1843,5/4/2025,1064,2064,404,2.0,940.93,537,cash
1844,5/4/2025,1101,2085,403,1.0,217.94,755,credit
1845,5/4/2025,1143,2005,402,2.0,343.02,739,cash
1846,5/4/2025,1043,2064,404,2.0,235.23,144,credit
1847,5/4/2025,1119,2016,401,2.0,258.42,656,debit
1848,5/4/2025,1181,2067,404,1.0,523.71,109,credit
1849,5/4/2025,1066,2014,403,0.0,0,416,cash
1850,5/4/2025,1032,2063,403,2.0,441.97,731,debit
1851,5/4/2025,1110,2036,403,2.0,348.77,533,check
1852,5/4/2025,1132,2040,404,1.0,124.34,40,check
1853,5/4/2025,1080,2094,404,1.0,0,464,check
1854,5/4/2025,1142,2084,404,0.0,0,722,check
1855,5/4/2025,1048,2019,401,1.0,840.54,720,cash
1856,5/4/2025,1046,2004,404,2.0,741.8,466,debit
1857,5/4/2025,1041,2090,404,3.0,358.2,689,check
1858,5/4/2025,1029,2063,401,3.0,1657.38,54,debit
1859,5/4/2025,1091,2090,404,3.0,214.92,494,debit
1860,5/4/2025,1126,2014,402,0.0,492.6,411,check
1861,5/4/2025,1089,2011,402,2.0,1638.96,694,cash
1862,5/4/2025,1046,2021,403,1.0,2255.61,531,check
1863,5/4/2025,1149,2000,402,3.0,4846.55,64,debit
1864,5/4/2025,1019,2031,404,0.0,1695.9,905,debit
1865,5/4/2025,1084,2003,403,0.0,0,927,cash
1866,5/4/2025,1100,2047,401,2.0,803.95,776,debit
1867,5/4/2025,1039,2003,401,3.0,1155.54,735,check
1868,5/4/2025,1181,2084,404,3.0,1127.4,113,check
1869,5/4/2025,1160,2034,401,2.0,326.81,47,cash
1870,5/4/2025,1011,2083,404,2.0,614.53,972,check
1871,5/4/2025,1187,2093,402,1.0,680.35,585,debit
1872,5/4/2025,1012,2082,403,2.0,853.12,224,credit
1873,5/4/2025,1014,2095,401,3.0,0,633,debit
1874,5/4/2025,1023,2051,403,1.0,211.18,197,cash
1875,5/4/2025,1061,2098,404,0.0,2723.58,85,cash
1876,5/4/2025,1005,2026,402,3.0,211.56,666,check
1877,5/4/2025,1199,2051,403,1.0,0,666,cash
1878,5/4/2025,1030,2038,404,3.0,3706.04,40,credit
1879,5/4/2025,1188,2039,402,2.0,1562.3,158,cash
1880,5/4/2025,1170,2012,403,1.0,560.87,130,credit
1881,5/4/2025,1125,2057,404,3.0,1310.94,833,debit
1882,5/4/2025,1068,2072,404,0.0,420.3,6,check
1883,5/4/2025,1193,2054,403,1.0,0,292,check
1884,5/4/2025,1111,2080,404,0.0,1664.52,249,debit
1885,5/4/2025,1010,2065,403,3.0,0,458,cash
1886,5/4/2025,1173,2028,402,3.0,2551.76,58,check
1887,5/4/2025,1134,2080,401,2.0,1331.62,350,credit
1888,5/4/2025,1119,2055,401,3.0,269.7,169,check
1889,5/4/2025,1076,2019,402,2.0,747.14,894,debit
1890,5/4/2025,1063,2066,404,2.0,0,905,debit
1891,5/4/2025,1145,2006,401,0.0,0,886,debit
1892,5/4/2025,1131,2013,404,3.0,4676.8,650,credit
1893,5/4/2025,1024,2059,403,2.0,0,338,credit
1894,5/4/2025,1065,2074,401,0.0,3297.5,321,debit
1895,5/4/2025,1029,2094,404,1.0,0,467,cash
1896,5/4/2025,1046,2050,401,0.0,560.34,584,check
1897,5/4/2025,1106,2090,403,2.0,114.62,424,credit
1898,5/4/2025,1150,2092,404,3.0,482.21,133,debit
1899,5/4/2025,1159,2033,403,1.0,752.62,231,cash
1900,5/4/2025,1054,2023,401,2.0,751.63,943,debit
1901,5/4/2025,1172,2013,404,0.0,1870.72,862,debit
1902,5/4/2025,1001,2050,401,0.0,560.34,206,credit
1903,5/4/2025,1043,2083,404,3.0,2304.48,694,check
1904,5/4/2025,1177,2051,404,2.0,281.57,85,cash
1905,5/4/2025,1158,2078,403,3.0,568.04,147,debit
1906,5/4/2025,1077,2011,402,1.0,368.77,383,credit
1907,5/4/2025,1003,2024,401,0.0,248.54,795,cash
1908,5/4/2025,1178,2024,401,1.0,223.69,258,cash
1909,5/4/2025,1123,2083,402,1.0,1382.69,587,cash
1910,5/4/2025,1111,2080,402,0.0,3329.04,190,debit
1911,5/4/2025,1077,2098,404,1.0,817.07,208,credit
1912,5/4/2025,1121,2054,401,0.0,0,739,credit
1913,5/4/2025,1042,2019,404,3.0,933.93,912,cash
1914,5/4/2025,1120,2002,404,1.0,1558.8,727,check
1915,5/4/2025,1051,2037,404,0.0,0,517,check
1916,5/4/2025,1085,2001,401,3.0,412.35,826,debit
1917,5/4/2025,1106,2063,403,0.0,0,520,check
1918,5/4/2025,1124,2051,404,3.0,351.96,531,debit
1919,5/4/2025,1059,2091,401,0.0,1811.58,206,check
1920,5/4/2025,1108,2073,403,0.0,1498.29,437,check
1921,5/4/2025,1068,2082,404,3.0,0,534,credit
1922,5/4/2025,1029,2063,403,3.0,3314.76,139,debit
1923,5/4/2025,1178,2055,401,1.0,242.73,933,check
1924,5/4/2025,1073,2092,402,3.0,482.21,256,credit
1925,5/4/2025,1088,2056,402,1.0,1888.99,922,debit
1926,5/4/2025,1150,2087,403,3.0,477.96,891,debit
1927,5/4/2025,1033,2037,404,3.0,1440.56,779,check
1928,5/4/2025,1172,2083,403,3.0,2304.48,964,debit
1929,5/4/2025,1041,2079,402,2.0,2281.3,342,debit
1930,5/4/2025,1176,2095,401,3.0,1472.37,146,credit
1931,5/4/2025,1033,2022,402,1.0,1208.12,304,debit
1932,5/4/2025,1155,2062,401,3.0,1858.08,290,cash
1933,5/4/2025,1126,2038,402,1.0,1667.72,919,cash
1934,5/4/2025,1142,2006,401,2.0,0,897,cash
1935,5/4/2025,1066,2045,402,1.0,1123.7,187,cash
1936,5/4/2025,1128,2004,401,2.0,2967.2,31,credit
1937,5/4/2025,1110,2014,402,0.0,246.3,339,check
1938,5/4/2025,1143,2028,404,2.0,1531.06,826,cash
1939,5/4/2025,1087,2045,401,2.0,0,473,cash
1940,5/4/2025,1038,2088,401,0.0,1418.7,427,cash
1941,5/4/2025,1112,2058,401,0.0,0,977,check
1942,5/4/2025,1005,2078,401,0.0,426.03,613,credit
1943,5/4/2025,1129,2013,402,0.0,1870.72,904,debit
1944,5/4/2025,1052,2046,402,2.0,26.74,360,check
1945,5/4/2025,1181,2056,404,0.0,0,937,cash
1946,5/4/2025,1039,2082,403,2.0,0,709,debit
1947,5/4/2025,1035,2015,402,3.0,3374.85,359,debit
1948,5/4/2025,1106,2098,401,1.0,1634.15,309,check
1949,5/4/2025,1121,2043,403,1.0,1572.21,27,check
1950,5/4/2025,1021,2034,403,3.0,544.68,513,cash
1951,5/4/2025,1092,2080,402,1.0,3745.17,530,check
1952,5/4/2025,1192,2096,404,1.0,1814.89,49,cash
1953,5/4/2025,1035,2054,404,3.0,0,416,credit
1954,5/4/2025,1117,2066,403,0.0,0,354,credit
1955,5/4/2025,1113,2018,401,0.0,1084.52,334,credit
1956,5/4/2025,1021,2043,403,3.0,2620.35,767,debit
1957,5/4/2025,1197,2021,404,0.0,1670.82,763,check
1958,5/4/2025,1100,2097,401,1.0,2273.67,664,cash
1959,5/4/2025,1147,2007,403,3.0,0,859,debit
1960,5/4/2025,1102,2087,403,2.0,0,868,debit
1961,5/4/2025,1088,2001,403,1.0,1113.34,841,credit
1962,5/4/2025,1179,2051,404,1.0,211.18,209,check
1963,5/4/2025,1139,2079,404,2.0,2281.3,855,debit
1964,5/4/2025,1005,2083,404,1.0,691.34,875,cash
1965,5/4/2025,1077,2010,401,2.0,186.82,737,debit
1966,5/4/2025,1099,2092,402,2.0,1157.3,621,debit
1967,5/4/2025,1054,2011,403,2.0,327.79,37,cash
1968,5/4/2025,1193,2081,402,0.0,2238.66,920,debit
1969,5/4/2025,1007,2069,403,1.0,836.6,969,cash
1970,5/4/2025,1198,2038,404,0.0,1853.02,555,credit
1971,5/4/2025,1187,2007,403,2.0,466.71,833,credit
1972,5/4/2025,1160,2064,403,0.0,1176.16,342,debit
1973,5/4/2025,1012,2096,401,3.0,672.18,324,debit
1974,5/4/2025,1076,2073,401,3.0,499.43,14,debit
1975,5/4/2025,1086,2030,402,2.0,407.93,901,credit
1976,5/4/2025,1076,2036,402,3.0,217.98,76,cash
1977,5/4/2025,1133,2094,402,0.0,1973.4,860,check
1978,5/4/2025,1083,2066,402,2.0,1238.54,739,credit
1979,5/4/2025,1116,2012,402,3.0,0,517,check
1980,5/4/2025,1105,2010,401,0.0,155.68,411,debit
1981,5/4/2025,1108,2016,404,1.0,872.15,828,debit
1982,5/4/2025,1114,2009,403,3.0,198.93,852,cash
1983,5/4/2025,1150,2071,404,2.0,492.13,40,check
1984,5/4/2025,1149,2063,404,3.0,2762.3,331,cash
1985,5/4/2025,1176,2062,404,1.0,557.42,292,debit
1986,5/4/2025,1036,2064,402,3.0,294.04,578,credit
1987,5/4/2025,1182,2058,402,0.0,0,226,debit
1988,5/4/2025,1177,2027,404,3.0,1034.44,347,debit
1989,5/4/2025,1008,2095,402,2.0,0,695,check
1990,5/4/2025,1030,2077,404,0.0,1123.66,691,check
1991,5/4/2025,1030,2047,403,0.0,334.98,973,debit
1992,5/4/2025,1133,2019,401,2.0,747.14,202,debit
1993,5/4/2025,1078,2047,403,2.0,535.97,410,cash
1994,5/4/2025,1124,2003,402,1.0,1386.65,33,debit
1995,5/4/2025,1005,2075,404,0.0,3122.56,824,check
1996,5/4/2025,1078,2036,402,1.0,588.55,801,debit
1997,5/4/2025,1189,2062,401,0.0,2477.44,289,debit
1998,5/4/2025,1140,2044,401,0.0,207.58,33,cash
1999,5/4/2025,1106,2061,403,3.0,599.76,878,check
2000,5/4/2025,1086,2048,404,1.0,321.87,710,check
