TransactionID,SaleDate,CustomerID,ProductID,StoreID,CampaignID,SaleAmount,BonusPoints,PaymentType
2,5/4/2025,1066,2048,403,1.0,321.87,886,Check
3,5/4/2025,1116,2041,403,3.0,3216.84,448,Cash
4,5/4/2025,1071,2096,404,2.0,1613.23,716,Credit
7,5/4/2025,1193,2003,402,1.0,346.66,90,Debit
8,5/4/2025,1005,2079,402,1.0,855.49,989,Credit
9,5/4/2025,1032,2060,401,1.0,735.08,412,Check
10,5/4/2025,1119,2089,403,2.0,661.63,744,Cash
12,5/4/2025,1079,2013,401,2.0,0,912,Debit
13,5/4/2025,1147,2086,404,3.0,4470.5,956,Cash
14,5/4/2025,1183,2025,401,1.0,503.32,854,Debit
16,5/4/2025,1144,2005,403,3.0,1715.12,310,Debit
17,5/4/2025,1169,2047,401,2.0,535.97,679,Debit
19,5/4/2025,1110,2046,404,1.0,30.09,507,Debit
20,5/4/2025,1111,2022,403,3.0,671.18,727,Credit
21,5/4/2025,1119,2055,403,2.0,?,331,Check
22,5/4/2025,1062,2011,403,3.0,1229.22,85,Cash
23,5/4/2025,1062,2096,404,3.0,672.18,537,Cash
24,5/4/2025,1086,2003,404,2.0,924.43,565,Check
25,5/4/2025,1046,2062,402,2.0,1981.95,654,Credit
26,5/4/2025,1066,2043,403,2.0,698.76,269,Check
28,5/4/2025,1061,2092,404,3.0,482.21,393,Credit
29,5/4/2025,1142,2097,402,3.0,4210.5,555,Check
30,5/4/2025,1165,2091,404,3.0,4528.95,66,Cash
31,2023-13-01,1004,2011,403,1.0,737.53,401,Cash
32,5/4/2025,1103,2088,402,2.0,0,933,Credit
33,5/4/2025,1169,2074,403,3.0,0,855,Credit
34,5/4/2025,1141,2067,403,3.0,872.85,738,Cash
35,5/4/2025,1190,2070,403,2.0,54.69,201,Check
36,5/4/2025,1179,2058,403,2.0,1066.8,553,Check
37,5/4/2025,1064,2029,401,1.0,12.16,168,Check
38,5/4/2025,1080,2015,402,1.0,3037.36,282,Check
39,5/4/2025,1055,2094,404,2.0,1578.72,791,Check
41,5/4/2025,9999,2037,402,2.0,288.11,225,Cash
42,5/4/2025,1045,2038,401,1.0,1667.72,442,Debit
43,5/4/2025,1070,2005,401,2.0,686.05,53,Credit
45,5/4/2025,1003,2073,403,3.0,1498.29,833,Credit
46,5/4/2025,1122,2056,403,1.0,944.5,855,Check
49,5/4/2025,1147,2080,401,1.0,0,431,Check
51,5/4/2025,1063,2015,404,1.0,1214.95,973,Credit
52,5/4/2025,1198,2066,404,3.0,516.06,166,Credit
53,5/4/2025,1113,2038,404,2.0,2223.62,822,Cash
55,5/4/2025,1195,2026,402,2.0,507.74,330,Cash
56,5/4/2025,1169,2010,402,1.0,140.11,711,Credit
57,5/4/2025,1044,2070,401,1.0,0,192,Debit
58,5/4/2025,1000,2052,404,3.0,2193.78,390,Credit
59,5/4/2025,1074,2004,402,2.0,741.8,780,Check
61,5/4/2025,1175,2029,403,1.0,36.48,571,Check
62,5/4/2025,1108,2014,402,1.0,221.67,686,Cash
64,5/4/2025,1042,2039,403,3.0,2929.32,528,Debit
65,5/4/2025,1031,2059,403,3.0,0,820,Check
66,5/4/2025,1069,2064,404,3.0,1470.2,490,Credit
67,5/4/2025,1020,2076,401,3.0,4836.42,792,Check
69,5/4/2025,1023,2029,401,2.0,0,968,Credit
70,5/4/2025,1147,2005,402,3.0,0,146,Check
71,5/4/2025,1132,2083,404,2.0,614.53,500,Debit
72,5/4/2025,1046,2074,404,3.0,659.5,654,Credit
73,5/4/2025,1023,2060,403,3.0,1225.14,199,Check
74,5/4/2025,1085,2041,401,1.0,1447.58,820,Check
75,5/4/2025,1084,2052,404,2.0,2925.04,996,Debit
76,5/4/2025,1169,2051,401,3.0,117.32,458,Check
77,5/4/2025,1022,2040,403,2.0,55.26,633,Check
79,5/4/2025,1168,2069,404,3.0,232.39,123,Credit
80,5/4/2025,1013,2024,403,3.0,372.81,987,Cash
81,5/4/2025,1160,2056,401,1.0,472.25,205,Check
82,5/4/2025,1068,2070,402,2.0,109.38,651,Debit
84,5/4/2025,1007,2080,402,1.0,1498.07,630,Cash
85,5/4/2025,1079,2070,401,3.0,34.18,1,Debit
86,5/4/2025,1023,2028,401,3.0,2551.76,996,Cash
87,5/4/2025,1030,2082,402,3.0,799.8,183,Credit
88,5/4/2025,1183,2037,403,3.0,2160.84,697,Cash
89,5/4/2025,1123,2060,402,3.0,2450.28,400,Debit
90,5/4/2025,1141,2018,404,1.0,2440.17,756,Check
92,5/4/2025,1070,2098,404,2.0,0,741,Cash
93,5/4/2025,1129,2034,401,2.0,108.94,208,Debit
94,5/4/2025,1185,2038,404,1.0,1667.72,197,Credit
95,5/4/2025,1114,2068,404,2.0,656.19,478,Cash
96,5/4/2025,1085,2070,404,3.0,0,998,Check
97,5/4/2025,1082,2024,402,3.0,372.81,617,Credit
99,5/4/2025,1081,2095,404,3.0,490.79,127,Credit
100,5/4/2025,1098,2084,402,3.0,0,651,Check
103,5/4/2025,1184,2018,404,1.0,488.03,952,Cash
104,5/4/2025,1019,2060,403,2.0,0,302,Check
106,5/4/2025,1084,2086,404,2.0,2861.12,645,Debit
108,5/4/2025,1158,2008,402,2.0,159.82,693,Check
109,5/4/2025,1058,2095,401,3.0,2453.95,530,Cash
110,5/4/2025,1025,2097,401,3.0,842.1,780,Debit
112,5/4/2025,1011,2041,401,2.0,0,905,Debit
113,5/4/2025,1091,2047,404,1.0,0,295,Cash
114,5/4/2025,1062,2067,404,1.0,0,757,Check
115,5/4/2025,1043,2022,401,3.0,2684.72,277,Debit
116,5/4/2025,1158,2087,402,3.0,477.96,22,Debit
117,5/4/2025,1149,2018,402,3.0,1626.78,411,Check
118,5/4/2025,1163,2032,404,2.0,756.48,277,Credit
119,5/4/2025,1170,2001,404,2.0,659.76,847,Check
121,5/4/2025,1113,2044,403,3.0,0,257,Credit
122,5/4/2025,1176,2032,404,2.0,756.48,60,Check
124,5/4/2025,1060,2048,403,2.0,1144.42,880,Check
125,5/4/2025,1179,2037,401,3.0,1440.56,457,Cash
126,5/4/2025,1070,2001,401,3.0,0,637,Credit
127,5/4/2025,1073,2099,402,2.0,0,281,Credit
128,5/4/2025,1056,2081,402,2.0,0,37,Check
130,5/4/2025,1160,2082,401,2.0,426.56,394,Credit
131,5/4/2025,1112,2004,403,1.0,1669.05,785,Debit
132,5/4/2025,1023,2037,403,3.0,2160.84,757,Debit
133,5/4/2025,1044,2025,402,2.0,223.7,161,Check
134,5/4/2025,1135,2064,403,1.0,793.91,100,Debit
135,5/4/2025,1065,2061,403,2.0,639.74,895,Credit
136,5/4/2025,1029,2059,401,1.0,921.69,986,Check
137,5/4/2025,1193,2028,404,2.0,1531.06,147,Cash
138,5/4/2025,1023,2050,401,2.0,298.85,59,Debit
139,5/4/2025,1137,2015,404,2.0,539.98,19,Cash
140,5/4/2025,1172,2095,403,3.0,2453.95,567,Cash
141,5/4/2025,1163,2047,401,1.0,301.48,392,Credit
142,5/4/2025,1120,2003,403,1.0,1039.99,951,Cash
143,5/4/2025,1165,2008,404,2.0,53.27,169,Debit
144,5/4/2025,1166,2052,401,1.0,658.13,634,Cash
145,5/4/2025,1011,2004,403,3.0,3709,463,Debit
146,5/4/2025,1029,2012,402,1.0,0,864,Credit
147,5/4/2025,1099,2058,403,3.0,666.75,194,Check
148,5/4/2025,1150,2095,402,3.0,490.79,650,Check
149,5/4/2025,1167,2012,404,3.0,0,420,Debit
150,5/4/2025,1071,2004,403,1.0,834.52,583,Cash
151,5/4/2025,1113,2056,402,2.0,839.55,186,Cash
152,5/4/2025,1025,2087,403,2.0,0,520,Cash
153,5/4/2025,1015,2050,403,1.0,504.31,148,Check
154,5/4/2025,1031,2058,401,1.0,2400.3,145,Cash
156,5/4/2025,1085,2031,402,1.0,508.77,26,Debit
157,5/4/2025,1017,2097,402,1.0,757.89,347,Credit
159,5/4/2025,1070,2018,402,2.0,0,877,Cash
160,5/4/2025,1044,2014,401,1.0,886.68,441,Debit
161,5/4/2025,1003,2045,402,2.0,499.42,766,Debit
164,5/4/2025,1190,2008,404,3.0,266.36,690,Credit
165,5/4/2025,1199,2046,401,3.0,167.15,113,Credit
166,5/4/2025,1128,2028,401,2.0,2041.41,193,Cash
171,5/4/2025,1032,2035,403,3.0,4499.95,794,Credit
172,5/4/2025,1152,2067,403,3.0,872.85,255,Debit
174,5/4/2025,1179,2014,402,3.0,738.9,543,Debit
175,5/4/2025,1115,2029,404,2.0,0,910,Debit
177,5/4/2025,1080,2054,403,2.0,3602.04,390,Credit
179,5/4/2025,1023,2010,401,3.0,0,951,Cash
180,5/4/2025,1024,2095,403,1.0,3533.69,702,Debit
183,5/4/2025,1073,2076,403,2.0,1934.57,653,Debit
184,5/4/2025,1026,2073,402,1.0,1797.95,779,Check
187,5/4/2025,1195,2035,402,3.0,0,621,Debit
188,5/4/2025,1143,2098,401,2.0,2178.86,782,Credit
189,5/4/2025,1007,2023,403,2.0,751.63,903,Check
190,5/4/2025,1086,2044,401,1.0,373.64,204,Debit
193,5/4/2025,1191,2067,402,3.0,872.85,907,Check
194,5/4/2025,1107,2058,403,1.0,1800.22,608,Check
197,5/4/2025,1172,2010,403,3.0,0,102,Check
198,5/4/2025,1169,2054,404,3.0,900.51,591,Credit
200,5/4/2025,1088,2055,401,2.0,129.46,263,Debit
201,5/4/2025,1173,2086,404,2.0,715.28,616,Check
203,5/4/2025,1001,2026,403,1.0,190.4,507,Credit
204,5/4/2025,1196,2017,403,2.0,370.96,386,Credit
205,5/4/2025,1083,2015,401,3.0,0,253,Check
206,5/4/2025,1191,2055,402,1.0,48.55,996,Check
207,5/4/2025,1097,2068,402,2.0,1312.38,654,Credit
208,5/4/2025,1018,2050,401,3.0,0,12,Cash
209,5/4/2025,1004,2058,401,2.0,1066.8,554,Debit
210,5/4/2025,1147,2054,404,3.0,2701.53,995,Credit
212,5/4/2025,1083,2021,404,2.0,668.33,244,Check
213,5/4/2025,1022,2055,401,1.0,97.09,965,Debit
215,5/4/2025,1101,2039,403,1.0,2636.39,638,Cash
217,5/4/2025,1130,2081,401,1.0,1343.2,469,Credit
218,5/4/2025,1198,2044,403,1.0,186.82,350,Credit
219,5/4/2025,1060,2013,402,2.0,0,15,Debit
221,5/4/2025,1045,2098,404,3.0,907.86,530,Credit
222,5/4/2025,1193,2072,404,2.0,1681.2,262,Cash
223,5/4/2025,1160,2040,402,3.0,138.16,203,Debit
224,5/4/2025,1017,2060,404,2.0,0,631,Check
225,5/4/2025,1070,2075,401,2.0,624.51,437,Debit
226,5/4/2025,1129,2009,403,3.0,198.93,200,Debit
227,5/4/2025,1115,2004,401,2.0,2225.4,240,Credit
228,5/4/2025,1073,2009,401,3.0,66.31,782,Check
229,5/4/2025,1118,2074,401,3.0,659.5,494,Credit
230,5/4/2025,1146,2083,402,2.0,614.53,849,Cash
234,5/4/2025,1063,2090,404,3.0,71.64,10,Debit
235,5/4/2025,1134,2066,402,2.0,1238.54,818,Cash
236,5/4/2025,1095,2036,404,3.0,653.94,640,Debit
237,5/4/2025,1198,2043,401,2.0,1397.52,584,Check
238,5/4/2025,1016,2042,401,3.0,0,651,Credit
239,5/4/2025,1072,2032,402,2.0,1512.96,833,Check
240,5/4/2025,1020,2074,402,2.0,527.6,764,Credit
241,5/4/2025,1079,2083,404,1.0,691.34,812,Debit
242,5/4/2025,1152,2090,401,2.0,57.31,1000,Check
243,5/4/2025,1143,2048,403,1.0,0,811,Check
244,5/4/2025,1171,2089,401,3.0,1654.08,610,Check
245,5/4/2025,1130,2046,401,2.0,106.98,846,Debit
246,5/4/2025,1079,2023,402,2.0,3006.53,256,Debit
247,5/4/2025,1196,2062,402,1.0,1114.85,788,Debit
248,5/4/2025,1035,2019,401,2.0,0,387,Debit
249,5/4/2025,1025,2064,401,2.0,705.7,346,Cash
250,5/4/2025,1196,2079,402,3.0,2851.62,309,Credit
251,5/4/2025,1039,2020,402,1.0,338.25,914,Cash
252,5/4/2025,1184,2056,401,3.0,1574.16,276,Check
253,5/4/2025,1093,2086,402,3.0,3576.4,40,Debit
254,5/4/2025,1156,2036,404,1.0,392.36,931,Cash
255,5/4/2025,1136,2030,403,3.0,509.91,410,Credit
256,5/4/2025,1049,2047,404,3.0,1674.9,472,Debit
257,5/4/2025,1196,2036,404,3.0,0,284,Credit
258,5/4/2025,1041,2025,402,2.0,671.09,727,Cash
259,5/4/2025,1013,2082,404,2.0,1066.4,837,Credit
260,5/4/2025,1141,2013,401,2.0,748.29,200,Credit
261,5/4/2025,1021,2097,402,2.0,673.68,55,Cash
262,5/4/2025,1115,2065,402,3.0,1881.36,182,Debit
263,5/4/2025,1023,2028,404,2.0,510.35,539,Debit
264,5/4/2025,1006,2053,401,3.0,610.15,575,Cash
265,5/4/2025,1128,2047,402,3.0,1004.94,742,Check
267,5/4/2025,1081,2012,403,1.0,1682.61,504,Credit
268,5/4/2025,1035,2004,403,3.0,927.25,228,Check
269,5/4/2025,1178,2017,404,3.0,1854.8,137,Debit
271,5/4/2025,1065,2027,402,3.0,775.83,273,Debit
272,5/4/2025,1028,2099,403,1.0,3490.13,646,Check
273,5/4/2025,1077,2015,401,1.0,1822.42,288,Check
275,5/4/2025,1028,2063,401,1.0,994.43,85,Credit
276,5/4/2025,1183,2018,403,3.0,2711.3,935,Credit
277,5/4/2025,1000,2078,403,1.0,0,585,Cash
280,5/4/2025,1099,2060,401,3.0,1633.52,757,Credit
281,5/4/2025,1095,2032,401,2.0,1512.96,788,Cash
283,5/4/2025,1197,2074,403,1.0,593.55,282,Debit
284,5/4/2025,1011,2045,403,1.0,842.78,812,Credit
285,5/4/2025,1199,2087,404,3.0,159.32,844,Credit
288,5/4/2025,1075,2025,401,1.0,0,185,Cash
289,5/4/2025,1010,2040,403,3.0,138.16,687,Credit
291,5/4/2025,1192,2082,402,2.0,213.28,732,Check
292,5/4/2025,1091,2099,401,2.0,1034.11,632,Check
293,5/4/2025,1069,2015,403,3.0,2699.88,949,Debit
294,5/4/2025,1102,2095,404,3.0,1472.37,973,Cash
295,5/4/2025,1086,2023,404,3.0,3758.16,727,Credit
297,5/4/2025,1186,2054,401,3.0,0,248,Debit
298,5/4/2025,1154,2023,403,2.0,751.63,843,Credit
299,5/4/2025,1026,2010,403,2.0,62.27,549,Cash
300,5/4/2025,1078,2057,404,1.0,393.28,78,Debit
301,5/4/2025,1176,2056,403,3.0,524.72,774,Check
302,5/4/2025,1010,2093,403,3.0,0,243,Cash
304,5/4/2025,1171,2081,404,2.0,596.98,718,Cash
307,5/4/2025,1032,2008,402,2.0,106.54,892,Check
308,5/4/2025,1092,2049,401,1.0,0,441,Check
309,5/4/2025,1173,2057,403,2.0,349.58,562,Credit
310,5/4/2025,1113,2097,401,1.0,757.89,343,Credit
311,5/4/2025,1135,2046,404,2.0,80.23,108,Debit
313,5/4/2025,1006,2094,402,3.0,1480.05,399,Check
314,5/4/2025,1132,2049,401,2.0,1503.74,654,Cash
315,5/4/2025,1198,2033,404,1.0,2257.88,169,Cash
316,5/4/2025,1156,2036,404,1.0,784.73,986,Debit
317,5/4/2025,1031,2017,401,3.0,0,292,Credit
320,5/4/2025,1140,2069,403,2.0,557.74,820,Credit
321,5/4/2025,1040,2091,402,2.0,724.63,682,Cash
322,5/4/2025,1130,2028,401,1.0,574.15,750,Credit
324,5/4/2025,1092,2070,403,3.0,102.54,251,Check
326,5/4/2025,1079,2050,404,3.0,186.78,163,Cash
327,5/4/2025,1196,2052,401,1.0,2632.54,4,Debit
328,5/4/2025,1081,2082,401,3.0,1066.4,565,Debit
329,5/4/2025,1119,2087,403,1.0,0,819,Check
330,5/4/2025,1199,2070,402,1.0,30.76,333,Check
332,5/4/2025,1132,2019,403,1.0,1681.07,974,Check
333,5/4/2025,1041,2041,402,2.0,643.37,879,Check
334,5/4/2025,1132,2036,401,2.0,348.77,534,Debit
335,5/4/2025,1050,2081,403,1.0,2686.39,294,Credit
336,5/4/2025,1160,2038,401,1.0,0,89,Check
337,5/4/2025,1151,2074,402,1.0,1187.1,929,Cash
339,5/4/2025,1007,2010,401,2.0,62.27,819,Cash
341,5/4/2025,1127,2080,403,2.0,1997.42,766,Cash
342,5/4/2025,1123,2031,404,2.0,1356.72,199,Cash
343,5/4/2025,1116,2009,401,1.0,119.36,58,Check
344,5/4/2025,1112,2053,404,3.0,0,833,Cash
345,5/4/2025,1052,2043,402,2.0,698.76,579,Cash
346,5/4/2025,1183,2040,403,3.0,103.62,226,Check
349,5/4/2025,1068,2057,402,1.0,1179.85,904,Credit
350,5/4/2025,1024,2006,403,3.0,594,975,Debit
351,5/4/2025,1157,2053,402,1.0,1098.27,466,Check
352,5/4/2025,1083,2073,403,1.0,2247.44,433,Check
353,5/4/2025,1195,2020,404,3.0,1879.15,986,Debit
355,5/4/2025,1023,2050,404,1.0,0,310,Cash
357,5/4/2025,1012,2036,404,3.0,653.94,226,Credit
359,5/4/2025,1110,2017,403,2.0,370.96,908,Cash
361,5/4/2025,1102,2006,402,2.0,792,379,Debit
362,5/4/2025,1141,2036,401,3.0,871.92,869,Debit
364,5/4/2025,1032,2012,404,2.0,997.1,601,Cash
365,5/4/2025,1086,2071,403,1.0,553.64,700,Debit
367,5/4/2025,1011,2004,402,2.0,0,663,Check
368,5/4/2025,1121,2066,404,1.0,0,589,Credit
369,5/4/2025,1155,2065,402,2.0,1128.82,443,Cash
370,5/4/2025,1156,2040,402,3.0,138.16,152,Check
371,5/4/2025,1157,2094,403,2.0,1578.72,377,Check
372,5/4/2025,1129,2065,404,2.0,752.54,190,Credit
373,5/4/2025,1121,2002,403,2.0,2771.2,624,Debit
374,5/4/2025,1172,2014,404,2.0,197.04,595,Credit
375,5/4/2025,1185,2088,401,3.0,2128.05,213,Cash
377,5/4/2025,1149,2061,402,3.0,1199.52,72,Check
379,5/4/2025,1146,2089,401,1.0,744.34,874,Cash
380,5/4/2025,1004,2056,403,3.0,2098.88,855,Credit
381,5/4/2025,1038,2052,402,3.0,2193.78,638,Credit
383,5/4/2025,1180,2017,402,2.0,741.92,77,Cash
384,5/4/2025,1169,2061,404,2.0,319.87,161,Credit
385,5/4/2025,1044,2058,403,2.0,1066.8,997,Credit
386,5/4/2025,1173,2098,403,3.0,3631.44,242,Cash
387,5/4/2025,1049,2031,403,2.0,1356.72,640,Check
388,5/4/2025,1057,2038,403,1.0,2501.58,921,Debit
389,5/4/2025,1176,2090,404,2.0,343.87,875,Cash
390,5/4/2025,1122,2044,403,2.0,166.06,752,Debit
391,5/4/2025,1031,2073,404,3.0,1498.29,216,Check
392,5/4/2025,1088,2098,402,2.0,726.29,995,Credit
393,5/4/2025,1010,2036,401,2.0,348.77,241,Debit
394,5/4/2025,1113,2083,403,3.0,3072.64,373,Check
395,5/4/2025,1054,2025,403,2.0,671.09,425,Debit
396,5/4/2025,1035,2013,402,1.0,1683.65,177,Debit
397,5/4/2025,1012,2085,402,1.0,217.94,289,Cash
398,5/4/2025,1013,2012,404,2.0,1994.21,994,Debit
399,5/4/2025,1183,2060,401,1.0,367.54,695,Credit
400,5/4/2025,1001,2070,402,3.0,102.54,695,Cash
401,5/4/2025,1167,2060,404,1.0,735.08,9,Check
402,5/4/2025,1193,2036,403,2.0,348.77,83,Credit
403,5/4/2025,1165,2007,401,1.0,0,243,Credit
404,5/4/2025,1136,2094,401,1.0,1776.06,35,Debit
405,5/4/2025,1106,2022,401,3.0,671.18,803,Credit
407,5/4/2025,1002,2038,401,2.0,1482.42,492,Debit
408,5/4/2025,1072,2058,404,1.0,1200.15,129,Debit
409,5/4/2025,1129,2059,403,1.0,1382.54,355,Cash
410,5/4/2025,1028,2042,402,3.0,502.83,982,Credit
412,5/4/2025,1188,2043,403,1.0,1572.21,454,Debit
413,5/4/2025,1044,2078,404,3.0,426.03,446,Cash
414,5/4/2025,1131,2041,401,3.0,3216.84,866,Cash
415,5/4/2025,1171,2012,402,1.0,1121.74,263,Credit
417,5/4/2025,1066,2049,402,3.0,0,539,Debit
418,5/4/2025,1192,2034,403,2.0,326.81,406,Cash
419,5/4/2025,1149,2092,401,2.0,1157.3,447,Cash
421,5/4/2025,1170,2015,404,2.0,0,236,Credit
423,5/4/2025,1163,2037,403,1.0,0,792,Debit
424,5/4/2025,1056,2017,404,1.0,834.66,310,Debit
425,5/4/2025,1116,2095,403,3.0,490.79,441,Cash
426,5/4/2025,1179,2070,404,1.0,61.52,185,Credit
427,5/4/2025,1195,2031,401,3.0,1695.9,595,Check
429,5/4/2025,1144,2014,401,1.0,443.34,106,Credit
430,5/4/2025,1146,2068,402,1.0,2952.86,86,Check
433,5/4/2025,1130,2057,401,3.0,1747.92,709,Credit
434,5/4/2025,1033,2065,404,3.0,0,265,Debit
435,5/4/2025,1144,2007,404,2.0,933.42,950,Debit
436,5/4/2025,1185,2002,404,2.0,692.8,952,Check
439,5/4/2025,1138,2007,401,3.0,2333.56,688,Debit
440,5/4/2025,1008,2036,404,1.0,196.18,15,Credit
441,5/4/2025,1196,2017,404,2.0,741.92,185,Debit
442,5/4/2025,1097,2057,404,3.0,436.98,236,Cash
443,5/4/2025,1020,2087,402,2.0,637.28,507,Cash
444,5/4/2025,1030,2022,404,1.0,604.06,935,Cash
446,5/4/2025,1076,2059,404,3.0,1536.15,741,Credit
447,5/4/2025,1058,2031,404,2.0,0,443,Check
452,5/4/2025,1062,2094,401,3.0,1973.4,516,Credit
454,5/4/2025,1035,2064,403,1.0,0,292,Check
455,5/4/2025,1187,2073,403,2.0,399.54,605,Check
456,5/4/2025,1060,2038,402,1.0,3335.44,731,Check
458,5/4/2025,1142,2075,402,3.0,3903.2,51,Check
459,5/4/2025,1142,2063,401,2.0,1325.9,565,Credit
460,5/4/2025,1164,2085,404,2.0,387.44,35,Credit
461,5/4/2025,1178,2053,404,1.0,1647.4,482,Credit
462,5/4/2025,1076,2048,402,3.0,1072.89,947,Cash
463,5/4/2025,1061,2028,403,1.0,1148.29,598,Check
464,5/4/2025,1118,2007,404,3.0,1750.17,227,Cash
465,5/4/2025,1142,2067,402,3.0,1163.8,248,Credit
466,5/4/2025,1062,2032,402,2.0,756.48,372,Check
467,5/4/2025,1165,2010,404,2.0,124.54,120,Cash
470,5/4/2025,1048,2097,402,3.0,0,184,Cash
472,5/4/2025,1054,2024,401,3.0,372.81,111,Debit
473,5/4/2025,1062,2089,402,3.0,1240.56,899,Cash
474,5/4/2025,1061,2070,403,2.0,27.34,122,Cash
475,5/4/2025,1097,2059,403,2.0,0,940,Cash
476,5/4/2025,1066,2046,404,3.0,200.58,811,Check
477,5/4/2025,1025,2092,404,2.0,771.54,589,Debit
478,5/4/2025,1052,2047,403,3.0,334.98,865,Debit
479,5/4/2025,1011,2072,402,1.0,756.54,676,Cash
480,5/4/2025,1004,2033,404,2.0,0,427,Credit
481,5/4/2025,1039,2025,403,1.0,503.32,583,Debit
482,5/4/2025,1097,2072,402,3.0,420.3,505,Check
483,5/4/2025,1140,2083,403,2.0,1843.58,346,Check
484,5/4/2025,1195,2062,404,3.0,3096.8,399,Debit
485,5/4/2025,1043,2093,403,1.0,1360.69,79,Cash
486,5/4/2025,1035,2092,404,1.0,0,725,Debit
490,5/4/2025,1181,2019,401,1.0,4202.68,239,Credit
492,5/4/2025,1158,2081,404,3.0,2984.88,781,Cash
494,5/4/2025,1004,2067,403,2.0,465.52,490,Check
495,5/4/2025,1004,2064,404,1.0,1323.18,753,Check
496,5/4/2025,1027,2012,402,1.0,1121.74,965,Debit
497,5/4/2025,1049,2079,403,2.0,3802.16,727,Check
498,5/4/2025,1068,2050,401,2.0,0,25,Credit
499,5/4/2025,1103,2058,402,1.0,600.08,154,Check
501,5/4/2025,1023,2051,404,3.0,351.96,9,Check
503,5/4/2025,1179,2021,401,3.0,835.41,207,Cash
505,5/4/2025,1135,2005,402,1.0,1157.71,463,Credit
506,5/4/2025,1177,2072,404,2.0,1008.72,561,Check
508,5/4/2025,1045,2040,401,1.0,31.09,58,Cash
510,5/4/2025,1076,2020,402,3.0,2254.98,843,Check
511,5/4/2025,1173,2069,403,3.0,232.39,222,Cash
515,5/4/2025,1087,2077,404,2.0,449.46,837,Debit
516,5/4/2025,1007,2081,403,3.0,746.22,968,Credit
517,5/4/2025,1125,2029,403,3.0,40.53,226,Credit
519,5/4/2025,1197,2079,403,1.0,855.49,331,Check
520,5/4/2025,1182,2009,401,2.0,53.05,344,Check
521,5/4/2025,1039,2048,402,3.0,357.63,220,Debit
523,5/4/2025,1001,2039,404,2.0,2343.46,114,Cash
524,5/4/2025,1194,2034,401,1.0,245.11,166,Debit
525,5/4/2025,1022,2023,404,3.0,5637.24,767,Credit
528,5/4/2025,1152,2076,403,3.0,2418.21,510,Credit
529,5/4/2025,1003,2037,404,3.0,1440.56,717,Debit
530,5/4/2025,1199,2010,402,1.0,210.17,830,Debit
531,5/4/2025,1175,2048,402,1.0,965.6,216,Credit
532,5/4/2025,1068,2038,403,3.0,0,636,Debit
533,5/4/2025,1037,2008,402,3.0,266.36,964,Check
534,5/4/2025,1070,2053,403,3.0,1830.45,294,Check
535,5/4/2025,1005,2009,403,2.0,53.05,525,Credit
536,5/4/2025,1063,2092,404,1.0,867.98,712,Check
537,5/4/2025,1117,2013,402,2.0,2244.86,217,Debit
538,5/4/2025,1001,2050,403,3.0,0,286,Credit
539,5/4/2025,1084,2056,403,3.0,1574.16,706,Check
540,5/4/2025,1166,2076,402,2.0,0,193,Cash
541,5/4/2025,1082,2077,402,3.0,0,392,Check
542,5/4/2025,1080,2022,404,2.0,1073.89,738,Check
543,5/4/2025,1074,2094,404,1.0,444.02,844,Cash
544,5/4/2025,1083,2048,403,3.0,0,229,Check
545,5/4/2025,1093,2014,402,1.0,221.67,180,Credit
546,5/4/2025,1174,2098,401,3.0,2723.58,88,Cash
547,5/4/2025,1181,2026,404,2.0,507.74,500,Credit
548,5/4/2025,1177,2008,404,3.0,332.95,556,Check
549,5/4/2025,1035,2081,403,1.0,1343.2,641,Debit
550,5/4/2025,1064,2084,402,3.0,845.55,44,Cash
551,5/4/2025,1096,2009,404,3.0,198.93,200,Cash
554,5/4/2025,1196,2031,403,1.0,1526.31,732,Check
555,5/4/2025,1165,2078,401,3.0,142.01,815,Cash
557,5/4/2025,1002,2012,403,1.0,560.87,310,Debit
558,5/4/2025,1130,2095,402,3.0,1963.16,781,Credit
559,5/4/2025,1095,2050,404,1.0,168.1,548,Cash
562,5/4/2025,1186,2018,403,2.0,1301.42,198,Credit
563,5/4/2025,1087,2058,402,3.0,2667,48,Cash
564,5/4/2025,1089,2060,401,3.0,408.38,954,Debit
565,5/4/2025,1184,2089,404,2.0,1984.9,978,Credit
567,5/4/2025,1005,2043,401,1.0,786.1,285,Check
568,5/4/2025,1189,2031,402,1.0,2035.08,243,Credit
569,5/4/2025,1084,2071,404,3.0,0,465,Check
570,5/4/2025,1059,2051,402,1.0,527.94,547,Cash
571,5/4/2025,1163,2084,404,3.0,845.55,463,Cash
572,5/4/2025,1007,2094,402,3.0,493.35,777,Debit
574,5/4/2025,1180,2027,402,2.0,0,603,Check
576,5/4/2025,1137,2023,403,2.0,1503.26,665,Debit
577,5/4/2025,1050,2058,401,2.0,1066.8,796,Debit
578,5/4/2025,1171,2062,403,3.0,619.36,38,Check
579,5/4/2025,1156,2050,401,2.0,0,132,Credit
580,5/4/2025,1090,2058,402,2.0,1066.8,100,Debit
581,5/4/2025,1157,2075,401,1.0,702.58,716,Credit
582,5/4/2025,1080,2015,402,2.0,1619.93,392,Cash
583,5/4/2025,1029,2023,403,1.0,0,353,Cash
584,5/4/2025,1130,2049,404,1.0,845.86,775,Debit
585,5/4/2025,1147,2049,404,1.0,845.86,447,Credit
586,5/4/2025,1124,2081,402,1.0,2686.39,395,Debit
587,5/4/2025,1125,2036,402,1.0,588.55,921,Credit
588,5/4/2025,1080,2057,401,2.0,699.17,89,Debit
589,5/4/2025,1002,2062,402,1.0,1114.85,811,Credit
590,5/4/2025,1098,2071,404,3.0,1845.48,476,Credit
591,5/4/2025,1175,2062,404,3.0,1858.08,11,Check
594,5/4/2025,1070,2028,403,1.0,0,20,Debit
596,5/4/2025,1146,2014,403,2.0,0,893,Debit
597,5/4/2025,1138,2096,401,3.0,2688.72,781,Cash
599,5/4/2025,1188,2083,402,2.0,1229.06,925,Debit
600,5/4/2025,1008,2057,403,2.0,699.17,112,Check
601,5/4/2025,1022,2056,401,1.0,2361.24,284,Debit
602,5/4/2025,1053,2094,403,3.0,493.35,213,Check
603,5/4/2025,1042,2078,402,1.0,127.81,361,Credit
604,5/4/2025,1052,2007,403,2.0,2333.56,888,Credit
605,5/4/2025,1152,2068,402,2.0,656.19,119,Credit
606,5/4/2025,1180,2037,403,2.0,288.11,77,Debit
607,5/4/2025,1131,2086,401,1.0,2414.07,120,Credit
608,5/4/2025,1192,2052,401,2.0,0,857,Cash
609,5/4/2025,1167,2016,402,1.0,290.72,673,Check
610,5/4/2025,1037,2091,403,1.0,0,653,Debit
611,5/4/2025,1194,2086,404,3.0,0,7,Check
612,5/4/2025,1036,2073,403,3.0,1997.72,235,Debit
614,5/4/2025,1103,2065,403,2.0,376.27,700,Debit
616,5/4/2025,1198,2093,401,3.0,0,343,Check
618,5/4/2025,1136,2050,402,3.0,933.9,749,Credit
619,5/4/2025,1054,2063,403,2.0,441.97,84,Check
620,5/4/2025,1072,2043,402,3.0,4367.25,198,Cash
623,5/4/2025,1031,2020,404,3.0,1127.49,743,Check
624,5/4/2025,1000,2054,402,1.0,1620.92,638,Credit
625,5/4/2025,1166,2038,402,2.0,2223.62,81,Check
626,5/4/2025,1023,2083,403,2.0,1229.06,535,Cash
628,5/4/2025,1101,2080,403,1.0,3745.17,601,Debit
631,5/4/2025,1033,2075,402,3.0,780.64,179,Credit
633,5/4/2025,1108,2088,402,3.0,3546.75,263,Debit
635,5/4/2025,1187,2013,401,2.0,2993.15,432,Check
636,5/4/2025,1094,2038,402,3.0,926.51,192,Check
637,5/4/2025,1198,2096,402,1.0,1814.89,73,Check
638,5/4/2025,1017,2067,401,1.0,523.71,832,Cash
639,5/4/2025,1112,2044,402,1.0,560.47,455,Cash
640,5/4/2025,1105,2078,404,1.0,383.43,527,Check
642,5/4/2025,1150,2093,404,2.0,1814.26,331,Cash
643,5/4/2025,1109,2040,402,1.0,31.09,344,Check
644,5/4/2025,1070,2082,401,1.0,719.82,754,Cash
646,5/4/2025,1168,2038,402,1.0,1667.72,282,Debit
648,5/4/2025,1005,2030,404,3.0,679.88,908,Credit
650,5/4/2025,1135,2001,403,2.0,989.64,772,Check
651,5/4/2025,1033,2049,404,2.0,751.87,278,Cash
652,5/4/2025,1139,2087,402,3.0,0,362,Check
655,5/4/2025,1015,2050,403,3.0,560.34,885,Cash
657,5/4/2025,1163,2068,402,2.0,3280.96,640,Credit
658,5/4/2025,1021,2039,401,1.0,878.8,599,Cash
659,5/4/2025,1039,2068,403,3.0,2460.72,589,Credit
660,5/4/2025,1150,2081,401,2.0,1193.95,664,Cash
663,5/4/2025,1116,2078,401,2.0,0,446,Credit
666,5/4/2025,1041,2063,403,2.0,1325.9,331,Debit
667,5/4/2025,1042,2047,402,2.0,803.95,121,Check
668,5/4/2025,1187,2015,401,2.0,0,56,Check
669,5/4/2025,1109,2034,401,2.0,326.81,999,Credit
670,5/4/2025,1182,2073,401,3.0,499.43,159,Check
672,5/4/2025,1127,2072,402,2.0,1008.72,688,Check
675,5/4/2025,1003,2031,401,3.0,1695.9,287,Debit
676,5/4/2025,1093,2049,402,1.0,1691.71,257,Check
677,5/4/2025,1009,2070,404,1.0,30.76,911,Cash
678,5/4/2025,1082,2031,404,2.0,452.24,275,Check
680,5/4/2025,1128,2086,401,1.0,804.69,868,Credit
681,5/4/2025,1057,2066,401,3.0,1548.18,812,Credit
682,5/4/2025,1017,2059,403,2.0,409.64,261,Cash
684,5/4/2025,1094,2025,403,2.0,223.7,801,Check
685,5/4/2025,1189,2079,402,3.0,3802.16,957,Debit
686,5/4/2025,1094,2075,404,1.0,702.58,927,Credit
687,5/4/2025,1187,2069,402,1.0,627.45,921,Check
688,5/4/2025,1001,2052,401,1.0,0,453,Credit
689,5/4/2025,1138,2044,401,2.0,166.06,150,Cash
690,5/4/2025,1000,2097,404,2.0,1347.36,92,Cash
691,5/4/2025,1026,2026,402,3.0,211.56,381,Cash
692,5/4/2025,1125,2007,402,2.0,933.42,240,Cash
693,5/4/2025,1023,2005,402,3.0,1286.34,100,Check
695,5/4/2025,1148,2012,402,3.0,3115.95,27,Cash
696,5/4/2025,1019,2075,401,3.0,2341.92,346,Credit
697,5/4/2025,1169,2016,402,2.0,775.25,937,Credit
698,5/4/2025,1066,2040,404,2.0,55.26,420,Cash
699,5/4/2025,1081,2057,403,1.0,393.28,54,Credit
701,5/4/2025,1039,2013,402,3.0,4676.8,799,Check
703,5/4/2025,1137,2045,402,3.0,0,270,Check
707,5/4/2025,1182,2031,403,3.0,1695.9,399,Check
708,5/4/2025,1131,2006,403,2.0,475.2,995,Debit
709,5/4/2025,1044,2003,404,3.0,1155.54,466,Check
712,5/4/2025,1003,2007,402,1.0,1050.1,247,Credit
715,5/4/2025,1005,2008,402,3.0,466.13,642,Check
717,5/4/2025,1010,2059,401,1.0,921.69,192,Debit
718,5/4/2025,1146,2055,404,3.0,0,323,Cash
719,5/4/2025,1007,2048,404,1.0,1287.47,603,Check
720,5/4/2025,1090,2027,402,2.0,413.78,524,Credit
722,5/4/2025,1157,2079,402,2.0,2281.3,265,Credit
724,5/4/2025,1022,2035,404,1.0,1619.98,139,Cash
726,5/4/2025,1097,2091,403,3.0,2717.37,357,Check
727,5/4/2025,1139,2062,403,2.0,1486.46,822,Debit
730,5/4/2025,1199,2035,401,3.0,2699.97,471,Debit
731,5/4/2025,1135,2045,402,1.0,842.78,660,Check
732,5/4/2025,1025,2031,402,2.0,904.48,89,Check
733,5/4/2025,1136,2094,401,1.0,0,332,Debit
734,5/4/2025,1147,2049,403,1.0,3383.42,435,Credit
735,5/4/2025,1045,2030,403,2.0,407.93,195,Credit
736,5/4/2025,1151,2003,403,1.0,693.32,159,Debit
737,5/4/2025,1144,2024,404,2.0,298.25,711,Debit
740,5/4/2025,1134,2061,401,2.0,639.74,622,Debit
741,5/4/2025,1157,2025,402,2.0,671.09,874,Check
744,5/4/2025,1134,2046,401,2.0,53.49,250,Credit
746,5/4/2025,1086,2038,403,1.0,1667.72,730,Check
747,5/4/2025,1040,2093,404,3.0,755.94,612,Debit
748,5/4/2025,1166,2040,402,2.0,27.63,192,Debit
749,5/4/2025,1057,2085,402,3.0,1452.9,315,Credit
750,5/4/2025,1078,2093,403,1.0,0,624,Debit
751,5/4/2025,1045,2093,401,3.0,2267.82,465,Credit
752,5/4/2025,1197,2072,401,1.0,1513.08,176,Cash
755,5/4/2025,1060,2044,403,1.0,934.11,492,Check
756,5/4/2025,1162,2011,403,3.0,1229.22,305,Debit
757,5/4/2025,1002,2033,402,1.0,3010.5,558,Credit
758,5/4/2025,1177,2008,403,2.0,159.82,576,Cash
760,5/4/2025,1098,2056,404,1.0,944.5,469,Debit
761,5/4/2025,1105,2063,404,2.0,2209.84,798,Credit
762,5/4/2025,1139,2048,401,3.0,357.63,765,Check
763,5/4/2025,1147,2083,402,1.0,691.34,7,Debit
764,5/4/2025,1115,2009,401,2.0,53.05,485,Cash
766,5/4/2025,1018,2043,402,3.0,2620.35,558,Debit
769,5/4/2025,1110,2083,402,3.0,768.16,84,Credit
770,5/4/2025,1040,2006,401,2.0,0,249,Debit
771,5/4/2025,1052,2024,404,2.0,298.25,678,Cash
772,5/4/2025,1169,2036,403,1.0,392.36,262,Cash
773,5/4/2025,1024,2006,404,3.0,0,616,Debit
775,5/4/2025,1109,2011,403,3.0,1638.96,401,Cash
776,5/4/2025,1051,2012,401,1.0,1121.74,300,Check
778,5/4/2025,1121,2014,403,3.0,985.2,207,Debit
780,5/4/2025,1164,2069,404,1.0,0,608,Debit
781,5/4/2025,1094,2048,403,1.0,321.87,502,Cash
782,5/4/2025,1114,2005,403,3.0,428.78,943,Cash
783,5/4/2025,1119,2033,402,2.0,1338,872,Check
785,5/4/2025,1021,2085,403,3.0,0,477,Credit
787,5/4/2025,1099,2066,404,3.0,0,631,Check
788,5/4/2025,1146,2030,404,2.0,543.9,377,Check
789,5/4/2025,1020,2050,401,1.0,168.1,657,Credit
790,5/4/2025,1030,2096,404,1.0,3024.81,861,Check
791,5/4/2025,1042,2027,402,1.0,232.75,971,Credit
792,5/4/2025,1010,2054,401,3.0,900.51,651,Check
793,5/4/2025,1051,2080,402,2.0,0,567,Credit
795,5/4/2025,1099,2071,404,2.0,984.26,647,Cash
799,5/4/2025,1027,2072,401,2.0,672.48,391,Check
800,5/4/2025,1137,2044,404,2.0,830.32,68,Cash
801,5/4/2025,1098,2083,404,3.0,2304.48,457,Credit
802,5/4/2025,1009,2022,403,3.0,2684.72,961,Credit
805,5/4/2025,1190,2060,403,2.0,0,743,Credit
806,5/4/2025,1005,2043,403,2.0,2096.28,540,Debit
807,5/4/2025,1071,2062,401,1.0,557.42,492,Check
808,5/4/2025,1034,2038,404,2.0,2223.62,494,Credit
810,5/4/2025,1048,2056,402,3.0,524.72,744,Debit
812,5/4/2025,1131,2020,401,2.0,0,834,Debit
813,5/4/2025,1181,2064,404,1.0,264.64,84,Check
814,5/4/2025,1199,2067,401,1.0,0,368,Check
815,5/4/2025,1049,2025,401,1.0,503.32,910,Check
816,5/4/2025,1008,2058,401,2.0,533.4,103,Debit
817,5/4/2025,1180,2025,403,2.0,894.78,166,Credit
819,5/4/2025,1174,2003,402,2.0,308.14,860,Credit
820,5/4/2025,1125,2076,404,1.0,725.46,833,Credit
821,5/4/2025,1121,2075,403,2.0,2498.05,725,Check
822,5/4/2025,1041,2033,401,2.0,669,212,Check
823,5/4/2025,1007,2049,401,1.0,845.86,601,Credit
824,5/4/2025,1146,2099,402,1.0,581.69,579,Credit
825,5/4/2025,1165,2028,402,2.0,1531.06,119,Cash
828,5/4/2025,1057,2032,403,2.0,3782.4,899,Cash
829,5/4/2025,1108,2048,403,3.0,357.63,293,Credit
830,5/4/2025,1064,2027,404,2.0,413.78,426,Debit
832,5/4/2025,1001,2065,403,2.0,376.27,623,Credit
833,5/4/2025,1076,2087,401,3.0,796.6,114,Credit
834,5/4/2025,1016,2043,403,2.0,2795.04,538,Cash
835,5/4/2025,1070,2033,403,1.0,752.62,988,Debit
837,5/4/2025,1153,2051,403,1.0,316.76,741,Credit
838,5/4/2025,1184,2003,404,2.0,1848.86,483,Check
839,5/4/2025,1066,2053,404,3.0,0,241,Cash
840,5/4/2025,1188,2004,402,2.0,2967.2,38,Check
841,5/4/2025,1185,2091,402,3.0,3623.16,482,Debit
842,5/4/2025,1171,2045,403,1.0,280.93,901,Credit
843,5/4/2025,1168,2071,402,2.0,1968.51,271,Check
844,5/4/2025,1024,2060,402,2.0,326.7,333,Credit
845,5/4/2025,1185,2071,402,2.0,984.26,235,Debit
846,5/4/2025,1167,2011,402,2.0,327.79,587,Cash
847,5/4/2025,1057,2095,403,3.0,2453.95,445,Credit
848,5/4/2025,1084,2047,403,2.0,803.95,492,Check
850,5/4/2025,1162,2074,401,3.0,659.5,976,Cash
851,5/4/2025,1049,2064,401,3.0,882.12,330,Credit
853,5/4/2025,1038,2017,402,2.0,741.92,20,Check
854,5/4/2025,1104,2072,404,1.0,1134.81,499,Credit
856,5/4/2025,1124,2042,402,2.0,0,175,Credit
857,5/4/2025,1162,2007,401,3.0,583.39,303,Check
858,5/4/2025,1070,2026,402,1.0,190.4,740,Debit
859,5/4/2025,1125,2097,401,1.0,3031.56,605,Debit
860,5/4/2025,1157,2055,404,3.0,53.94,512,Debit
862,5/4/2025,1009,2068,402,2.0,0,294,Credit
864,5/4/2025,1173,2000,402,1.0,872.38,280,Check
865,5/4/2025,1177,2044,403,1.0,373.64,707,Debit
866,5/4/2025,1026,2049,403,1.0,3383.42,896,Cash
867,5/4/2025,1016,2005,403,2.0,686.05,849,Cash
868,5/4/2025,1116,2093,403,3.0,755.94,760,Debit
869,5/4/2025,1175,2017,403,3.0,463.7,124,Cash
870,5/4/2025,1091,2096,402,1.0,1209.92,784,Debit
871,5/4/2025,1103,2002,402,1.0,779.4,670,Debit
874,5/4/2025,1093,2091,401,3.0,2717.37,414,Cash
877,5/4/2025,1176,2014,404,3.0,1231.5,548,Debit
878,5/4/2025,1097,2015,403,3.0,2699.88,814,Cash
880,5/4/2025,1077,2053,401,2.0,976.24,214,Check
881,5/4/2025,1159,2077,402,3.0,561.83,704,Credit
882,5/4/2025,1026,2065,401,2.0,1881.36,219,Debit
883,5/4/2025,1029,2013,404,1.0,0,291,Debit
884,5/4/2025,1155,2025,403,1.0,503.32,347,Credit
885,5/4/2025,1091,2090,404,2.0,171.94,86,Credit
886,5/4/2025,1041,2005,404,1.0,385.9,42,Cash
887,5/4/2025,1176,2061,403,1.0,359.86,23,Debit
889,5/4/2025,1146,2085,404,1.0,653.81,638,Check
891,5/4/2025,1065,2082,402,3.0,266.6,173,Check
893,5/4/2025,1025,2022,401,2.0,1073.89,353,Cash
894,5/4/2025,1092,2086,403,3.0,894.1,569,Credit
896,5/4/2025,1002,2017,402,2.0,0,922,Cash
899,5/4/2025,1102,2051,404,2.0,93.86,202,Debit
900,5/4/2025,1098,2088,404,3.0,0,383,Check
901,5/4/2025,1166,2021,401,1.0,0,574,Credit
902,5/4/2025,1178,2092,401,1.0,867.98,829,Credit
903,5/4/2025,1026,2053,404,3.0,1830.45,162,Cash
904,5/4/2025,1046,2078,404,2.0,454.43,317,Cash
905,5/4/2025,1156,2003,402,3.0,1925.9,856,Cash
906,5/4/2025,1124,2014,404,3.0,0,636,Check
907,5/4/2025,1011,2008,403,2.0,106.54,673,Cash
908,5/4/2025,1003,2090,402,2.0,57.31,482,Credit
909,5/4/2025,1132,2066,401,3.0,1548.18,873,Cash
910,5/4/2025,1169,2093,402,3.0,755.94,158,Cash
911,5/4/2025,1088,2084,404,1.0,0,69,Cash
913,5/4/2025,1164,2020,404,3.0,1879.15,424,Cash
914,5/4/2025,1042,2009,404,2.0,53.05,225,Check
916,5/4/2025,1129,2028,404,3.0,2551.76,882,Cash
917,5/4/2025,1060,2010,404,3.0,544.88,538,Credit
918,5/4/2025,1146,2057,401,3.0,436.98,465,Cash
919,5/4/2025,1114,2040,401,3.0,34.54,395,Debit
922,5/4/2025,1023,2077,403,1.0,505.65,292,Check
923,5/4/2025,1167,2085,404,2.0,387.44,783,Cash
924,5/4/2025,1093,2006,402,3.0,594,187,Debit
925,5/4/2025,1084,2071,404,2.0,492.13,355,Debit
928,5/4/2025,1087,2045,403,2.0,499.42,853,Credit
929,5/4/2025,1179,2013,401,1.0,1683.65,175,Cash
931,5/4/2025,1065,2078,402,1.0,127.81,230,Check
932,5/4/2025,1030,2050,402,3.0,186.78,702,Check
935,5/4/2025,1197,2057,404,1.0,1179.85,11,Check
936,5/4/2025,1127,2000,401,3.0,969.31,830,Credit
937,5/4/2025,1149,2061,402,1.0,359.86,534,Check
938,5/4/2025,1187,2016,401,3.0,2584.16,202,Debit
939,5/4/2025,1168,2076,403,3.0,2418.21,992,Credit
940,5/4/2025,1107,2077,402,2.0,898.93,394,Cash
941,5/4/2025,1101,2043,403,3.0,3493.8,719,Check
942,5/4/2025,1034,2017,404,2.0,0,239,Check
943,5/4/2025,1179,2070,403,1.0,61.52,606,Debit
944,5/4/2025,1051,2026,403,2.0,338.5,568,Credit
945,5/4/2025,1172,2016,402,2.0,516.83,986,Credit
946,5/4/2025,1181,2014,403,3.0,246.3,509,Debit
947,5/4/2025,1149,2073,404,2.0,799.09,556,Debit
950,5/4/2025,1051,2034,402,2.0,217.87,654,Credit
953,5/4/2025,1091,2057,401,1.0,786.56,29,Cash
954,5/4/2025,1190,2082,404,1.0,239.94,358,Debit
956,5/4/2025,1097,2049,404,2.0,0,474,Credit
957,5/4/2025,1141,2006,401,2.0,0,477,Credit
958,5/4/2025,1051,2079,404,1.0,1710.97,292,Credit
959,5/4/2025,1162,2090,403,1.0,257.9,331,Credit
960,5/4/2025,1198,2092,402,2.0,771.54,626,Debit
961,5/4/2025,1114,2022,401,1.0,3020.31,933,Debit
962,5/4/2025,1044,2094,401,3.0,493.35,489,Check
963,5/4/2025,1010,2054,403,2.0,720.41,843,Check
966,5/4/2025,1039,2041,401,2.0,0,625,Credit
968,5/4/2025,1005,2090,403,1.0,193.43,791,Debit
969,5/4/2025,1047,2066,401,1.0,464.45,625,Debit
971,5/4/2025,1089,2028,402,2.0,0,605,Cash
972,5/4/2025,1084,2046,403,1.0,0,499,Cash
974,5/4/2025,1029,2085,403,3.0,726.45,782,Check
978,5/4/2025,1132,2098,403,3.0,3631.44,111,Check
979,5/4/2025,1124,2005,403,1.0,1157.71,791,Cash
982,5/4/2025,1053,2085,402,3.0,726.45,191,Credit
986,5/4/2025,1022,2009,401,1.0,119.36,128,Check
987,5/4/2025,1064,2071,401,1.0,1107.29,111,Cash
988,5/4/2025,1066,2052,404,3.0,5118.82,550,Check
989,5/4/2025,1161,2051,404,2.0,375.42,777,Debit
994,5/4/2025,1072,2097,404,3.0,842.1,724,Credit
995,5/4/2025,1101,2084,401,3.0,1127.4,615,Check
996,5/4/2025,1040,2068,402,1.0,2952.86,328,Debit
997,5/4/2025,1191,2050,403,1.0,504.31,419,Check
1001,5/4/2025,1078,2026,403,1.0,761.62,687,Cash
1002,5/4/2025,1105,2082,402,1.0,239.94,268,Credit
1003,5/4/2025,1047,2028,403,1.0,1148.29,755,Credit
1004,5/4/2025,1029,2023,401,3.0,2818.62,318,Credit
1005,5/4/2025,1165,2070,401,2.0,54.69,703,Cash
1007,5/4/2025,1050,2092,404,2.0,771.54,492,Check
1009,5/4/2025,1072,2079,401,1.0,855.49,893,Credit
1010,5/4/2025,1081,2062,404,2.0,495.49,975,Check
1011,5/4/2025,1157,2084,403,1.0,253.67,160,Cash
1012,5/4/2025,1144,2072,403,2.0,672.48,214,Debit
1013,5/4/2025,1109,2021,401,2.0,668.33,765,Debit
1014,5/4/2025,1063,2028,404,2.0,510.35,984,Credit
1015,5/4/2025,1092,2017,403,3.0,1854.8,635,Check
1016,5/4/2025,1118,2057,403,2.0,699.17,28,Credit
1017,5/4/2025,1124,2070,401,1.0,30.76,758,Debit
1018,5/4/2025,1165,2077,401,2.0,449.46,490,Credit
1019,5/4/2025,1035,2068,402,2.0,1968.58,517,Debit
1021,5/4/2025,1004,2064,401,3.0,882.12,534,Credit
1023,5/4/2025,1141,2033,404,1.0,0,597,Cash
1024,5/4/2025,1093,2050,402,2.0,448.27,593,Debit
1025,5/4/2025,1034,2059,401,3.0,1536.15,748,Credit
1026,5/4/2025,1093,2064,401,1.0,793.91,191,Cash
1027,5/4/2025,1157,2087,402,1.0,286.78,81,Check
1028,5/4/2025,1114,2020,402,1.0,676.49,126,Credit
1029,5/4/2025,1188,2093,404,2.0,1814.26,751,Cash
1030,5/4/2025,1010,2028,404,1.0,1148.29,131,Check
1031,5/4/2025,1016,2033,403,1.0,2257.88,259,Debit
1032,5/4/2025,1010,2085,402,2.0,387.44,436,Debit
1035,5/4/2025,1180,2066,403,2.0,1238.54,288,Credit
1036,5/4/2025,1148,2069,402,3.0,697.17,948,Debit
1038,5/4/2025,1132,2032,404,1.0,851.04,4,Debit
1039,5/4/2025,1132,2051,403,2.0,187.71,457,Cash
1040,5/4/2025,1124,2061,401,1.0,0,712,Check
1042,5/4/2025,1131,2082,403,1.0,239.94,788,Check
1043,5/4/2025,1038,2023,402,2.0,0,149,Cash
1044,5/4/2025,1154,2091,401,1.0,3260.84,106,Debit
1045,5/4/2025,1106,2042,401,3.0,1173.27,868,Debit
1046,5/4/2025,1172,2061,404,1.0,719.71,666,Debit
1048,5/4/2025,1062,2005,402,1.0,385.9,997,Cash
1049,5/4/2025,1034,2080,401,1.0,2996.14,57,Debit
1050,5/4/2025,1014,2021,403,1.0,1503.74,34,Cash
1051,5/4/2025,1132,2051,401,2.0,281.57,988,Cash
1052,5/4/2025,1021,2027,404,3.0,775.83,499,Debit
1053,5/4/2025,1123,2021,402,3.0,0,6,Cash
1054,5/4/2025,1153,2018,402,2.0,867.62,464,Cash
1055,5/4/2025,1042,2092,403,3.0,1446.63,859,Debit
1056,5/4/2025,1152,2075,401,1.0,2107.73,115,Cash
1058,5/4/2025,1004,2025,404,1.0,0,384,Debit
1059,5/4/2025,1155,2012,402,3.0,623.19,338,Check
1062,5/4/2025,1198,2086,404,3.0,894.1,125,Debit
1063,5/4/2025,1094,2005,404,1.0,771.8,684,Credit
1064,5/4/2025,1123,2098,404,2.0,3631.44,458,Credit
1065,5/4/2025,1150,2094,401,3.0,2466.75,941,Check
1066,5/4/2025,1034,2032,404,1.0,1702.08,976,Credit
1067,5/4/2025,1021,2036,404,2.0,348.77,472,Debit
1069,5/4/2025,1133,2000,404,1.0,872.38,753,Debit
1070,5/4/2025,1176,2040,404,2.0,55.26,634,Credit
1071,5/4/2025,1027,2019,404,2.0,747.14,739,Debit
1072,5/4/2025,1066,2068,404,2.0,1968.58,263,Cash
1073,5/4/2025,1156,2035,404,1.0,0,58,Check
1074,5/4/2025,1105,2070,404,1.0,0,932,Credit
1075,5/4/2025,1094,2071,404,2.0,984.26,894,Check
1076,5/4/2025,1078,2073,403,3.0,499.43,1,Cash
1077,5/4/2025,1188,2017,401,1.0,417.33,901,Credit
1079,5/4/2025,1054,2065,404,2.0,376.27,919,Cash
1080,5/4/2025,1140,2078,401,1.0,255.62,699,Debit
1083,5/4/2025,1016,2033,402,2.0,2007,588,Check
1084,5/4/2025,1020,2077,401,3.0,561.83,184,Credit
1086,5/4/2025,1198,2022,404,3.0,671.18,902,Credit
1087,5/4/2025,1002,2025,403,1.0,503.32,137,Cash
1088,5/4/2025,1008,2076,402,1.0,1450.93,751,Debit
1089,5/4/2025,1172,2004,403,1.0,834.52,517,Debit
1091,5/4/2025,1070,2099,404,2.0,1551.17,225,Debit
1092,5/4/2025,1171,2050,404,1.0,168.1,401,Cash
1094,5/4/2025,1140,2036,403,2.0,348.77,231,Cash
1095,5/4/2025,1070,2028,402,3.0,2551.76,460,Debit
1096,5/4/2025,1103,2073,401,2.0,0,691,Check
1099,5/4/2025,1131,2032,403,3.0,4728,993,Cash
1100,5/4/2025,1096,2072,404,1.0,378.27,820,Credit
1101,5/4/2025,1193,2043,404,3.0,2620.35,683,Debit
1103,5/4/2025,1066,2008,404,1.0,59.93,110,Check
1104,5/4/2025,1173,2089,402,2.0,0,92,Debit
1105,5/4/2025,1105,2045,401,2.0,499.42,367,Debit
1106,5/4/2025,1063,2036,401,3.0,653.94,7,Debit
1108,5/4/2025,1141,2022,404,2.0,0,847,Check
1109,5/4/2025,1090,2027,403,1.0,698.25,866,Debit
1110,5/4/2025,1191,2087,402,3.0,955.92,738,Cash
1111,5/4/2025,1188,2025,402,1.0,251.66,13,Debit
1112,5/4/2025,1067,2026,402,1.0,380.81,337,Check
1113,5/4/2025,1063,2079,403,1.0,1710.97,990,Cash
1116,5/4/2025,1195,2069,401,3.0,697.17,988,Debit
1117,5/4/2025,1095,2079,403,3.0,950.54,384,Cash
1118,5/4/2025,1147,2035,404,1.0,809.99,487,Debit
1119,5/4/2025,1195,2065,403,3.0,1411.02,410,Debit
1122,5/4/2025,1128,2044,404,1.0,373.64,280,Credit
1123,5/4/2025,1117,2015,404,2.0,1619.93,397,Cash
1124,5/4/2025,1176,2001,401,1.0,371.12,79,Debit
1125,5/4/2025,1097,2074,401,2.0,527.6,301,Cash
1126,5/4/2025,1092,2078,403,1.0,383.43,917,Check
1127,5/4/2025,1140,2033,402,2.0,1338,350,Debit
1128,5/4/2025,1120,2078,403,2.0,227.22,815,Check
1129,5/4/2025,1047,2063,404,1.0,0,403,Credit
1130,5/4/2025,1107,2089,403,2.0,330.82,137,Check
1131,5/4/2025,1102,2035,404,1.0,1619.98,107,Credit
1133,5/4/2025,1184,2034,402,3.0,680.85,765,Credit
1134,5/4/2025,1097,2025,402,1.0,1258.29,110,Cash
1135,5/4/2025,1121,2001,402,3.0,0,242,Check
1136,5/4/2025,1127,2017,403,3.0,0,694,Credit
1137,5/4/2025,1076,2032,401,3.0,6619.2,489,Check
1140,5/4/2025,1115,2095,403,2.0,0,265,Debit
1141,5/4/2025,1092,2046,403,2.0,80.23,317,Credit
1142,5/4/2025,1005,2052,401,2.0,1170.02,73,Cash
1143,5/4/2025,1173,2077,402,1.0,1516.94,890,Debit
1144,5/4/2025,1199,2036,403,2.0,871.92,671,Credit
1145,5/4/2025,1172,2065,404,3.0,2822.04,910,Cash
1146,5/4/2025,1020,2048,403,3.0,1072.89,355,Debit
1147,5/4/2025,1161,2018,402,2.0,1301.42,722,Cash
1149,5/4/2025,1020,2020,403,1.0,1014.74,545,Check
1150,5/4/2025,1080,2040,403,2.0,55.26,205,Credit
1151,5/4/2025,1154,2082,404,2.0,639.84,649,Cash
1152,5/4/2025,1113,2099,403,3.0,646.32,673,Debit
1154,5/4/2025,1032,2093,402,2.0,2419.01,482,Cash
1155,5/4/2025,1190,2089,401,1.0,0,171,Debit
1160,5/4/2025,1167,2049,403,1.0,0,540,Credit
1161,5/4/2025,1063,2094,403,3.0,493.35,375,Cash
1162,5/4/2025,1160,2016,402,1.0,1162.87,948,Check
1163,5/4/2025,1007,2004,403,2.0,2225.4,610,Credit
1164,5/4/2025,1121,2059,403,3.0,2048.2,51,Check
1165,5/4/2025,1034,2089,402,3.0,2481.12,386,Credit
1166,5/4/2025,1161,2095,404,2.0,392.63,841,Credit
1168,5/4/2025,1113,2039,403,3.0,976.44,406,Debit
1170,5/4/2025,1000,2066,402,2.0,412.85,247,Credit
1171,5/4/2025,1073,2060,401,3.0,0,862,Debit
1173,5/4/2025,1196,2055,403,1.0,194.18,758,Cash
1174,5/4/2025,1001,2070,403,1.0,61.52,416,Cash
1175,5/4/2025,1105,2071,404,3.0,615.16,542,Credit
1176,5/4/2025,1063,2020,404,3.0,375.83,551,Debit
1177,5/4/2025,1056,2033,401,3.0,836.25,561,Cash
1178,5/4/2025,1160,2030,403,2.0,271.95,827,Credit
1179,5/4/2025,1166,2095,403,3.0,1472.37,264,Cash
1180,5/4/2025,1048,2008,402,1.0,0,790,Check
1181,5/4/2025,1074,2014,404,3.0,738.9,994,Credit
1182,5/4/2025,1069,2089,404,1.0,372.17,254,Cash
1185,5/4/2025,1072,2034,402,3.0,0,839,Debit
1187,5/4/2025,1038,2001,404,1.0,0,897,Credit
1188,5/4/2025,1087,2053,403,3.0,2440.6,977,Debit
1189,5/4/2025,1095,2059,401,2.0,1638.56,597,Debit
1192,5/4/2025,1139,2060,402,1.0,1102.63,200,Credit
1194,5/4/2025,1196,2091,402,3.0,0,893,Check
1196,5/4/2025,1050,2058,401,1.0,1800.22,119,Debit
1197,5/4/2025,1121,2049,403,2.0,751.87,81,Check
1199,5/4/2025,1064,2061,403,1.0,179.93,150,Debit
1201,5/4/2025,1060,2081,404,2.0,1193.95,996,Debit
1204,5/4/2025,1148,2088,404,1.0,0,546,Cash
1205,5/4/2025,1095,2098,401,1.0,2451.22,991,Credit
1206,5/4/2025,1040,2063,401,2.0,883.94,749,Debit
1209,5/4/2025,1032,2062,402,2.0,1981.95,359,Cash
1210,5/4/2025,1142,2082,403,3.0,799.8,780,Cash
1211,5/4/2025,1187,2024,401,3.0,372.81,631,Debit
1212,5/4/2025,1091,2092,402,2.0,385.77,814,Cash
1213,5/4/2025,1010,2062,404,2.0,990.98,797,Cash
1214,5/4/2025,1138,2089,404,1.0,744.34,923,Debit
1215,5/4/2025,1145,2023,403,2.0,1503.26,780,Cash
1216,5/4/2025,1187,2059,403,1.0,1843.38,679,Cash
1217,5/4/2025,1017,2067,402,3.0,0,771,Check
1218,5/4/2025,1075,2033,403,3.0,836.25,222,Credit
1219,5/4/2025,1000,2099,404,1.0,2326.75,3,Cash
1220,5/4/2025,1004,2079,403,1.0,0,356,Credit
1221,5/4/2025,1082,2092,401,3.0,0,271,Cash
1222,5/4/2025,1048,2067,404,1.0,785.56,882,Cash
1223,5/4/2025,1156,2036,403,3.0,0,441,Cash
1226,5/4/2025,1033,2022,401,1.0,604.06,743,Cash
1228,5/4/2025,1008,2073,404,3.0,1498.29,199,Check
1232,5/4/2025,1119,2081,401,2.0,0,391,Check
1233,5/4/2025,1142,2095,404,2.0,1177.9,905,Check
1237,5/4/2025,1185,2029,404,1.0,12.16,605,Check
1238,5/4/2025,1049,2067,402,1.0,261.86,691,Credit
1240,5/4/2025,1196,2081,403,3.0,746.22,688,Cash
1242,5/4/2025,1042,2023,404,2.0,2254.9,842,Credit
1243,5/4/2025,1168,2020,404,2.0,601.33,17,Credit
1244,5/4/2025,1080,2070,403,2.0,0,7,Cash
1245,5/4/2025,1105,2097,404,2.0,673.68,342,Debit
1246,5/4/2025,1155,2030,402,3.0,509.91,111,Debit
1247,5/4/2025,1196,2070,403,2.0,27.34,331,Cash
1251,5/4/2025,1076,2028,402,2.0,1020.7,96,Check
1252,5/4/2025,1005,2098,403,1.0,3268.3,228,Check
1253,5/4/2025,1024,2004,404,2.0,1483.6,391,Cash
1254,5/4/2025,1039,2017,403,2.0,370.96,360,Check
1255,5/4/2025,1149,2031,402,2.0,904.48,894,Cash
1256,5/4/2025,1076,2011,404,1.0,737.53,649,Debit
1257,5/4/2025,1187,2009,403,3.0,198.93,432,Cash
1258,5/4/2025,1044,2062,401,2.0,495.49,226,Credit
1260,5/4/2025,1199,2007,403,2.0,1400.14,573,Credit
1261,5/4/2025,1111,2053,401,1.0,3294.81,351,Check
1262,5/4/2025,1191,2083,401,3.0,768.16,44,Check
1263,5/4/2025,1013,2039,401,2.0,1562.3,179,Debit
1264,5/4/2025,1138,2072,402,2.0,672.48,119,Debit
1265,5/4/2025,1128,2089,402,1.0,744.34,731,Cash
1266,5/4/2025,1012,2086,404,3.0,2682.3,54,Debit
1267,5/4/2025,1192,2076,401,1.0,1450.93,350,Check
1268,5/4/2025,1110,2037,404,1.0,324.13,156,Debit
1269,5/4/2025,1033,2043,401,3.0,4367.25,373,Check
1270,5/4/2025,1146,2095,401,3.0,1963.16,215,Check
1271,5/4/2025,1067,2010,404,3.0,0,625,Debit
1272,5/4/2025,1198,2089,402,1.0,744.34,629,Check
1273,5/4/2025,1123,2071,402,3.0,1845.48,172,Debit
1274,5/4/2025,1101,2083,402,1.0,2074.03,504,Cash
1275,5/4/2025,1062,2009,403,3.0,66.31,558,Debit
1277,5/4/2025,1171,2052,404,2.0,0,665,Debit
1278,5/4/2025,1089,2024,403,2.0,298.25,227,Debit
1279,5/4/2025,1152,2083,401,2.0,1843.58,22,Debit
1280,5/4/2025,1043,2044,404,1.0,373.64,123,Check
1281,5/4/2025,1112,2005,402,1.0,0,220,Credit
1283,5/4/2025,1028,2094,401,1.0,888.03,80,Cash
1285,5/4/2025,1087,2088,401,2.0,567.48,573,Check
1286,5/4/2025,1115,2060,401,2.0,980.11,630,Debit
1287,5/4/2025,1053,2094,402,1.0,888.03,73,Cash
1288,5/4/2025,1139,2066,403,3.0,2580.3,90,Cash
1290,5/4/2025,1096,2074,401,2.0,1055.2,604,Debit
1291,5/4/2025,1043,2007,403,1.0,525.05,389,Debit
1294,5/4/2025,1099,2084,403,2.0,0,493,Check
1295,5/4/2025,1027,2002,403,3.0,866,90,Cash
1296,5/4/2025,1059,2048,401,2.0,572.21,938,Debit
1297,5/4/2025,1124,2076,401,1.0,2176.39,287,Debit
1299,5/4/2025,1010,2031,403,2.0,1356.72,101,Debit
1301,5/4/2025,1088,2087,403,2.0,509.82,533,Debit
1302,5/4/2025,1160,2038,402,2.0,2223.62,538,Check
1303,5/4/2025,1015,2080,403,3.0,2496.78,992,Cash
1304,5/4/2025,1007,2071,403,1.0,553.64,234,Debit
1305,5/4/2025,1038,2043,404,1.0,786.1,16,Credit
1306,5/4/2025,1022,2093,404,1.0,2721.38,992,Credit
1307,5/4/2025,1106,2030,402,3.0,1019.82,831,Debit
1308,5/4/2025,1079,2077,403,3.0,561.83,201,Cash
1309,5/4/2025,1138,2016,402,1.0,872.15,492,Cash
1310,5/4/2025,1148,2069,402,1.0,418.3,698,Credit
1311,5/4/2025,1079,2088,402,3.0,709.35,667,Credit
1312,5/4/2025,1197,2018,402,2.0,867.62,377,Debit
1313,5/4/2025,1017,2071,401,1.0,553.64,950,Debit
1314,5/4/2025,1081,2018,401,2.0,867.62,784,Check
1315,5/4/2025,1105,2052,403,3.0,731.26,488,Cash
1316,5/4/2025,1190,2081,403,1.0,0,305,Cash
1317,5/4/2025,1199,2024,401,1.0,223.69,629,Cash
1318,5/4/2025,1047,2003,403,1.0,346.66,664,Debit
1320,5/4/2025,1091,2010,404,1.0,210.17,11,Check
1321,5/4/2025,1128,2077,404,2.0,0,806,Credit
1322,5/4/2025,1047,2049,404,3.0,0,375,Credit
1323,5/4/2025,1035,2020,402,1.0,676.49,55,Debit
1324,5/4/2025,1008,2052,401,2.0,585.01,802,Check
1325,5/4/2025,1105,2028,402,1.0,1148.29,876,Check
1326,5/4/2025,1016,2022,404,3.0,2684.72,60,Credit
1327,5/4/2025,1176,2041,404,1.0,1447.58,757,Check
1328,5/4/2025,1109,2051,401,3.0,469.28,816,Cash
1330,5/4/2025,1133,2013,404,3.0,3741.44,690,Debit
1332,5/4/2025,1142,2049,401,1.0,0,873,Debit
1333,5/4/2025,1074,2056,404,2.0,839.55,331,Check
1334,5/4/2025,1198,2036,404,1.0,392.36,124,Cash
1335,5/4/2025,1108,2037,401,1.0,648.25,144,Credit
1337,5/4/2025,1184,2064,401,1.0,264.64,808,Cash
1338,5/4/2025,1199,2074,402,3.0,1978.5,887,Cash
1340,5/4/2025,1045,2058,402,3.0,0,184,Check
1341,5/4/2025,1023,2032,403,1.0,1702.08,366,Credit
1343,5/4/2025,1029,2090,404,2.0,57.31,594,Credit
1344,5/4/2025,1021,2067,404,1.0,261.86,658,Check
1346,5/4/2025,1196,2021,403,1.0,751.87,171,Check
1348,5/4/2025,1107,2039,403,3.0,0,517,Debit
1350,5/4/2025,1033,2025,401,2.0,671.09,584,Credit
1351,5/4/2025,1003,2058,404,3.0,2000.25,918,Credit
1352,5/4/2025,1139,2000,404,1.0,1744.76,422,Credit
1353,5/4/2025,1055,2075,404,3.0,3122.56,966,Credit
1355,5/4/2025,1062,2070,403,1.0,30.76,448,Check
1357,5/4/2025,1167,2044,401,1.0,560.47,37,Cash
1358,5/4/2025,1008,2085,403,2.0,0,426,Debit
1359,5/4/2025,1022,2006,401,3.0,990,70,Credit
1360,5/4/2025,1045,2020,403,1.0,1352.99,797,Credit
1362,5/4/2025,1023,2098,403,2.0,1452.58,946,Credit
1363,5/4/2025,1094,2048,401,3.0,1072.89,826,Cash
1364,5/4/2025,1140,2008,403,3.0,0,703,Debit
1365,5/4/2025,1034,2015,403,2.0,1079.95,966,Check
1366,5/4/2025,1134,2052,402,1.0,1316.27,77,Check
1368,5/4/2025,1123,2092,403,3.0,0,407,Debit
1369,5/4/2025,1155,2040,403,2.0,27.63,450,Credit
1370,5/4/2025,1033,2078,404,3.0,568.04,514,Debit
1371,5/4/2025,1126,2023,402,2.0,2254.9,1000,Cash
1373,5/4/2025,1119,2080,401,1.0,0,980,Check
1376,5/4/2025,1163,2025,403,2.0,447.39,759,Credit
1377,5/4/2025,1017,2039,403,2.0,3905.76,413,Debit
1378,5/4/2025,1196,2000,401,2.0,0,923,Cash
1379,5/4/2025,1087,2050,401,1.0,168.1,467,Cash
1380,5/4/2025,1049,2042,403,3.0,670.44,329,Check
1381,5/4/2025,1121,2004,402,3.0,3709,513,Check
1382,5/4/2025,1039,2080,404,2.0,665.81,514,Credit
1383,5/4/2025,1118,2052,401,2.0,0,415,Debit
1385,5/4/2025,1053,2073,403,2.0,1198.63,806,Check
1387,5/4/2025,1086,2048,402,3.0,1072.89,804,Cash
1388,5/4/2025,1047,2076,401,2.0,0,58,Check
1389,5/4/2025,1180,2040,401,2.0,110.53,937,Credit
1390,5/4/2025,1105,2011,404,1.0,0,670,Credit
1391,5/4/2025,1095,2057,403,1.0,786.56,243,Cash
1394,5/4/2025,1113,2064,401,3.0,294.04,364,Check
1395,5/4/2025,1128,2019,402,2.0,1494.29,918,Cash
1396,5/4/2025,1123,2093,403,2.0,3023.76,966,Check
1397,5/4/2025,1036,2098,401,1.0,817.07,4,Cash
1398,5/4/2025,1052,2092,401,3.0,1928.84,498,Debit
1400,5/4/2025,1079,2005,401,2.0,1715.12,132,Cash
1401,5/4/2025,1119,2005,401,2.0,686.05,148,Debit
1402,5/4/2025,1005,2073,403,1.0,0,832,Cash
1403,5/4/2025,1082,2025,402,2.0,223.7,761,Check
1404,5/4/2025,1070,2068,403,3.0,2460.72,883,Cash
1405,5/4/2025,1171,2015,403,1.0,0,789,Check
1407,5/4/2025,1159,2071,401,1.0,1660.93,102,Check
1408,5/4/2025,1138,2044,403,2.0,0,869,Debit
1409,5/4/2025,1036,2090,403,1.0,0,416,Debit
1410,5/4/2025,1043,2009,403,2.0,106.1,654,Debit
1411,5/4/2025,1138,2056,401,1.0,944.5,564,Check
1413,5/4/2025,1098,2006,401,3.0,990,46,Cash
1414,5/4/2025,1100,2022,404,2.0,1610.83,196,Credit
1416,5/4/2025,1193,2097,404,1.0,2273.67,63,Debit
1418,5/4/2025,1116,2039,404,3.0,3905.76,374,Credit
1419,5/4/2025,1059,2028,402,2.0,1531.06,635,Debit
1420,5/4/2025,1093,2050,402,2.0,298.85,766,Credit
1422,5/4/2025,1016,2060,401,2.0,653.41,953,Credit
1423,5/4/2025,1122,2059,402,2.0,1228.92,962,Debit
1425,5/4/2025,1103,2091,401,2.0,2173.9,924,Cash
1426,5/4/2025,1142,2083,401,2.0,1229.06,246,Cash
1427,5/4/2025,1136,2059,404,3.0,2560.25,15,Credit
1428,5/4/2025,1061,2079,402,1.0,2566.46,38,Check
1429,5/4/2025,1123,2049,401,2.0,751.87,8,Credit
1430,5/4/2025,1053,2088,404,3.0,709.35,319,Check
1431,5/4/2025,1145,2043,402,1.0,1572.21,399,Check
1432,5/4/2025,1169,2085,401,3.0,1210.75,604,Debit
1433,5/4/2025,1029,2075,404,2.0,1249.02,868,Credit
1434,5/4/2025,1142,2012,404,1.0,1682.61,973,Cash
1436,5/4/2025,1175,2076,404,2.0,1289.71,285,Check
1438,5/4/2025,1055,2017,401,1.0,1669.32,994,Debit
1439,5/4/2025,1169,2019,404,2.0,747.14,936,Credit
1440,5/4/2025,1099,2078,404,1.0,383.43,633,Debit
1441,5/4/2025,1052,2087,403,2.0,0,126,Debit
1442,5/4/2025,1145,2086,403,3.0,2682.3,636,Credit
1444,5/4/2025,1156,2065,404,1.0,423.31,480,Credit
1447,5/4/2025,1072,2003,402,3.0,0,673,Check
1448,5/4/2025,1179,2075,404,2.0,1873.54,962,Cash
1449,5/4/2025,1182,2048,404,3.0,357.63,853,Cash
1450,5/4/2025,1111,2069,402,1.0,836.6,750,Check
1451,5/4/2025,1121,2017,402,3.0,2782.2,453,Check
1452,5/4/2025,1092,2053,402,2.0,1464.36,134,Debit
1454,5/4/2025,1018,2082,401,1.0,0,340,Credit
1455,5/4/2025,1184,2062,404,1.0,1672.27,836,Credit
1456,5/4/2025,1021,2017,404,3.0,463.7,643,Debit
1457,5/4/2025,1178,2077,404,1.0,505.65,823,Debit
1458,5/4/2025,1116,2065,404,3.0,470.34,69,Cash
1459,5/4/2025,1098,2045,402,1.0,280.93,106,Cash
1460,5/4/2025,1108,2077,401,3.0,1685.49,666,Debit
1461,5/4/2025,1187,2030,403,3.0,509.91,975,Debit
1463,5/4/2025,1009,2072,404,2.0,0,393,Credit
1465,5/4/2025,1036,2093,403,3.0,0,333,Cash
1466,5/4/2025,1132,2010,401,1.0,0,210,Cash
1467,5/4/2025,1120,2080,401,2.0,665.81,705,Cash
1469,5/4/2025,1120,2058,404,2.0,1600.2,405,Credit
1470,5/4/2025,1107,2045,403,2.0,249.71,436,Credit
1471,5/4/2025,1042,2004,403,2.0,0,46,Debit
1472,5/4/2025,1015,2080,404,1.0,749.03,2,Debit
1474,5/4/2025,1073,2062,401,1.0,1114.85,187,Check
1475,5/4/2025,1129,2009,403,2.0,0,496,Debit
1476,5/4/2025,1033,2078,403,2.0,340.82,708,Check
1477,5/4/2025,1065,2001,401,1.0,371.12,372,Credit
1478,5/4/2025,1151,2094,402,3.0,493.35,971,Credit
1479,5/4/2025,1094,2022,403,1.0,0,263,Debit
1480,5/4/2025,1124,2023,401,2.0,2254.9,527,Debit
1481,5/4/2025,1021,2018,402,3.0,542.26,237,Credit
1482,5/4/2025,1192,2052,404,1.0,0,919,Cash
1483,5/4/2025,1169,2056,402,1.0,944.5,377,Credit
1486,5/4/2025,1042,2059,404,3.0,3072.3,11,Check
1487,5/4/2025,1077,2060,402,3.0,1633.52,575,Check
1488,5/4/2025,1174,2090,404,3.0,286.56,235,Credit
1490,5/4/2025,1073,2057,404,2.0,349.58,715,Check
1492,5/4/2025,1136,2081,403,3.0,2238.66,218,Credit
1493,5/4/2025,1156,2083,403,2.0,1229.06,722,Cash
1494,5/4/2025,1069,2034,401,2.0,217.87,709,Credit
1495,5/4/2025,1167,2074,404,3.0,2638,180,Credit
1496,5/4/2025,1197,2086,402,1.0,2414.07,256,Cash
1497,5/4/2025,1133,2043,402,2.0,1397.52,723,Check
1500,5/4/2025,1175,2057,403,1.0,1179.85,757,Check
1501,5/4/2025,1185,2036,403,1.0,980.91,862,Cash
1504,5/4/2025,1181,2015,401,1.0,1214.95,830,Cash
1506,5/4/2025,1178,2023,403,2.0,1503.26,288,Debit
1507,5/4/2025,1119,2084,401,3.0,0,183,Credit
1508,5/4/2025,1070,2098,404,2.0,1452.58,584,Debit
1509,5/4/2025,1065,2020,401,2.0,300.66,20,Cash
1510,5/4/2025,1198,2007,404,3.0,2333.56,537,Check
1511,5/4/2025,1085,2007,403,2.0,933.42,27,Credit
1512,5/4/2025,1045,2056,401,3.0,3148.32,749,Cash
1513,5/4/2025,1051,2078,404,1.0,383.43,990,Credit
1514,5/4/2025,1165,2062,401,1.0,557.42,671,Cash
1515,5/4/2025,1138,2098,404,1.0,817.07,746,Cash
1516,5/4/2025,1157,2082,401,3.0,1066.4,969,Credit
1518,5/4/2025,1018,2009,403,3.0,0,244,Credit
1520,5/4/2025,1009,2085,404,2.0,193.72,828,Cash
1521,5/4/2025,1038,2089,403,3.0,1240.56,79,Check
1522,5/4/2025,1147,2000,404,3.0,4846.55,143,Cash
1523,5/4/2025,1111,2051,401,1.0,211.18,137,Cash
1525,5/4/2025,1145,2068,403,2.0,656.19,944,Debit
1527,5/4/2025,1161,2082,401,2.0,213.28,870,Credit
1528,5/4/2025,1136,2043,401,3.0,3493.8,423,Check
1529,5/4/2025,1194,2098,403,1.0,2451.22,986,Debit
1530,5/4/2025,1045,2070,401,3.0,102.54,962,Debit
1531,5/4/2025,1169,2024,403,3.0,621.35,905,Credit
1532,5/4/2025,1027,2080,403,3.0,2496.78,9,Credit
1533,5/4/2025,1021,2080,404,1.0,2247.1,914,Cash
1535,5/4/2025,1184,2075,402,3.0,2341.92,407,Cash
1536,5/4/2025,1099,2008,403,3.0,66.59,795,Check
1539,5/4/2025,1103,2015,402,3.0,2024.91,815,Debit
1540,5/4/2025,1173,2068,402,1.0,0,636,Cash
1541,5/4/2025,1018,2004,402,3.0,927.25,113,Cash
1544,5/4/2025,1044,2080,401,2.0,665.81,626,Debit
1546,5/4/2025,1027,2014,404,1.0,443.34,481,Cash
1547,5/4/2025,1016,2025,404,2.0,671.09,604,Check
1548,5/4/2025,1188,2086,404,2.0,2861.12,307,Cash
1549,5/4/2025,1030,2087,402,2.0,382.37,938,Credit
1550,5/4/2025,1054,2097,401,1.0,2273.67,327,Debit
1551,5/4/2025,1085,2008,401,2.0,106.54,398,Credit
1552,5/4/2025,1036,2096,404,1.0,1814.89,101,Credit
1553,5/4/2025,1178,2047,402,3.0,1004.94,483,Credit
1554,5/4/2025,1062,2074,401,1.0,1187.1,920,Check
1555,5/4/2025,1025,2080,404,1.0,3745.17,952,Debit
1557,5/4/2025,1001,2022,401,2.0,536.94,424,Cash
1558,5/4/2025,1106,2088,404,1.0,1276.83,897,Credit
1559,5/4/2025,1052,2018,403,3.0,2169.04,521,Check
1562,5/4/2025,1160,2038,403,3.0,0,268,Check
1563,5/4/2025,1001,2071,402,1.0,1660.93,259,Credit
1564,5/4/2025,1030,2067,401,2.0,465.52,756,Debit
1565,5/4/2025,1194,2069,402,3.0,929.56,622,Check
1566,5/4/2025,1197,2080,402,2.0,1331.62,84,Cash
1567,5/4/2025,1013,2024,401,1.0,335.53,120,Credit
1568,5/4/2025,1175,2060,404,1.0,735.08,272,Debit
1570,5/4/2025,1165,2046,403,1.0,60.17,368,Debit
1571,5/4/2025,1111,2032,403,3.0,3782.4,902,Debit
1572,5/4/2025,1011,2013,401,1.0,1683.65,236,Credit
1574,5/4/2025,1018,2030,404,2.0,135.98,294,Credit
1575,5/4/2025,1107,2025,403,1.0,754.97,502,Check
1576,5/4/2025,1199,2014,403,1.0,0,458,Check
1577,5/4/2025,1025,2030,404,1.0,0,762,Cash
1578,5/4/2025,1096,2028,401,3.0,2551.76,708,Cash
1579,5/4/2025,1149,2062,401,3.0,1858.08,509,Check
1580,5/4/2025,1037,2027,404,1.0,465.5,369,Credit
1581,5/4/2025,1099,2047,402,3.0,0,56,Debit
1582,5/4/2025,1184,2024,403,2.0,198.83,428,Check
1584,5/4/2025,1177,2072,401,2.0,672.48,203,Credit
1585,5/4/2025,1034,2014,404,3.0,985.2,927,Cash
1586,5/4/2025,1107,2021,403,1.0,751.87,614,Cash
1587,5/4/2025,1075,2077,402,1.0,2528.24,718,Check
1589,5/4/2025,1105,2066,404,1.0,928.91,94,Cash
1590,5/4/2025,1151,2060,404,2.0,653.41,379,Cash
1591,5/4/2025,1003,2093,404,1.0,680.35,859,Debit
1592,5/4/2025,1063,2041,404,1.0,2171.37,882,Cash
1593,5/4/2025,1151,2019,401,3.0,933.93,28,Debit
1595,5/4/2025,1108,2067,404,3.0,290.95,72,Check
1596,5/4/2025,1178,2012,404,3.0,623.19,939,Debit
1597,5/4/2025,1061,2010,401,3.0,389.2,223,Cash
1598,5/4/2025,1055,2016,403,2.0,0,20,Cash
1600,5/4/2025,1122,2085,403,1.0,217.94,904,Check
1601,5/4/2025,1180,2058,401,3.0,666.75,73,Cash
1602,5/4/2025,1118,2098,402,3.0,907.86,771,Debit
1604,5/4/2025,1160,2009,404,2.0,0,585,Credit
1605,5/4/2025,1135,2004,403,3.0,3709,46,Cash
1607,5/4/2025,1158,2042,401,2.0,402.26,398,Debit
1608,5/4/2025,1013,2014,404,2.0,197.04,696,Cash
1609,5/4/2025,1119,2079,401,2.0,4562.59,255,Check
1610,5/4/2025,1093,2022,401,1.0,604.06,50,Cash
1612,5/4/2025,1166,2061,402,1.0,179.93,264,Debit
1613,5/4/2025,1082,2045,403,3.0,312.14,792,Cash
1614,5/4/2025,1070,2006,401,2.0,633.6,559,Check
1616,5/4/2025,1120,2090,403,3.0,214.92,779,Credit
1617,5/4/2025,1158,2047,401,1.0,904.45,348,Check
1618,5/4/2025,1117,2011,401,3.0,0,701,Debit
1620,5/4/2025,1042,2035,401,1.0,809.99,468,Check
1622,5/4/2025,1075,2053,402,3.0,2440.6,980,Credit
1625,5/4/2025,1059,2066,403,3.0,2064.24,179,Debit
1626,5/4/2025,1148,2043,403,3.0,873.45,727,Cash
1627,5/4/2025,1151,2085,404,3.0,726.45,935,Check
1628,5/4/2025,1077,2072,402,2.0,1008.72,156,Debit
1629,5/4/2025,1043,2033,402,3.0,836.25,77,Check
1630,5/4/2025,1095,2036,401,1.0,392.36,216,Credit
1631,5/4/2025,1090,2036,404,1.0,588.55,811,Credit
1632,5/4/2025,1158,2020,403,1.0,676.49,999,Check
1633,5/4/2025,1044,2090,402,1.0,0,700,Credit
1634,5/4/2025,1060,2014,401,2.0,591.12,639,Debit
1635,5/4/2025,1147,2016,404,2.0,516.83,490,Check
1637,5/4/2025,1170,2040,403,1.0,0,31,Check
1638,5/4/2025,1095,2057,402,2.0,349.58,993,Credit
1639,5/4/2025,1031,2003,404,3.0,0,911,Debit
1640,5/4/2025,1196,2018,404,2.0,433.81,741,Check
1641,5/4/2025,1039,2000,403,2.0,775.45,834,Check
1642,5/4/2025,1121,2037,402,3.0,1080.42,139,Cash
1643,5/4/2025,1086,2088,401,3.0,2837.4,483,Debit
1644,5/4/2025,1010,2017,401,2.0,1112.88,508,Debit
1645,5/4/2025,1006,2051,402,3.0,351.96,314,Debit
1647,5/4/2025,1155,2082,402,1.0,959.76,604,Debit
1648,5/4/2025,1005,2098,403,1.0,817.07,366,Debit
1650,5/4/2025,1131,2050,402,3.0,747.12,672,Debit
1651,5/4/2025,1081,2077,401,2.0,1797.86,257,Cash
1652,5/4/2025,1101,2018,404,2.0,867.62,435,Credit
1653,5/4/2025,1098,2047,401,2.0,1071.94,517,Debit
1654,5/4/2025,1088,2044,403,3.0,830.32,548,Debit
1655,5/4/2025,1143,2011,402,3.0,1229.22,529,Credit
1656,5/4/2025,1189,2053,404,2.0,1464.36,633,Credit
1657,5/4/2025,1041,2093,404,3.0,2267.82,186,Cash
1658,5/4/2025,1035,2075,401,1.0,1405.15,717,Credit
1659,5/4/2025,1053,2038,404,2.0,2964.83,565,Credit
1661,5/4/2025,1001,2052,403,3.0,731.26,132,Debit
1662,5/4/2025,1044,2071,404,1.0,553.64,182,Credit
1663,5/4/2025,1051,2023,404,2.0,0,973,Credit
1664,5/4/2025,1141,2062,401,2.0,1486.46,889,Check
1665,5/4/2025,1149,2038,404,3.0,926.51,637,Credit
1666,5/4/2025,1057,2003,401,1.0,2079.97,30,Credit
1668,5/4/2025,1167,2085,403,3.0,242.15,801,Credit
1670,5/4/2025,1030,2097,403,3.0,3368.4,628,Debit
1671,5/4/2025,1017,2076,403,3.0,0,947,Debit
1672,5/4/2025,1144,2055,403,3.0,161.82,710,Cash
1674,5/4/2025,1066,2020,401,1.0,1014.74,76,Cash
1675,5/4/2025,1081,2059,402,2.0,409.64,756,Debit
1676,5/4/2025,1041,2006,403,2.0,475.2,862,Credit
1678,5/4/2025,1074,2037,401,1.0,0,34,Credit
1680,5/4/2025,1153,2096,402,2.0,1075.49,921,Cash
1681,5/4/2025,1080,2087,403,2.0,127.46,854,Credit
1683,5/4/2025,1136,2074,403,1.0,593.55,95,Cash
1684,5/4/2025,1003,2017,403,2.0,1112.88,660,Cash
1685,5/4/2025,1199,2062,404,2.0,990.98,965,Check
1686,5/4/2025,1041,2013,402,1.0,1683.65,485,Check
1689,5/4/2025,1033,2002,404,2.0,1385.6,47,Credit
1690,5/4/2025,1079,2088,403,1.0,2553.66,476,Check
1691,5/4/2025,1113,2076,403,1.0,0,963,Debit
1693,5/4/2025,1056,2016,402,1.0,872.15,381,Credit
1694,5/4/2025,1078,2016,402,1.0,872.15,96,Debit
1696,5/4/2025,1004,2099,404,3.0,0,454,Cash
1698,5/4/2025,1168,2065,401,3.0,1411.02,802,Check
1701,5/4/2025,1005,2015,402,1.0,0,434,Cash
1703,5/4/2025,1023,2018,403,2.0,0,319,Credit
1705,5/4/2025,1025,2074,401,1.0,593.55,92,Debit
1706,5/4/2025,1183,2024,403,1.0,335.53,907,Credit
1708,5/4/2025,1054,2064,404,2.0,235.23,998,Debit
1709,5/4/2025,1178,2075,402,3.0,5464.48,562,Check
1710,5/4/2025,1172,2013,402,2.0,2244.86,843,Credit
1711,5/4/2025,1097,2054,402,1.0,810.46,951,Debit
1713,5/4/2025,1119,2014,402,3.0,1231.5,967,Debit
1716,5/4/2025,1098,2036,404,2.0,0,203,Check
1717,5/4/2025,1175,2056,402,3.0,2098.88,758,Check
1719,5/4/2025,1121,2086,403,1.0,3218.76,949,Cash
1723,5/4/2025,1189,2021,401,2.0,1336.66,281,Credit
1724,5/4/2025,1050,2043,402,3.0,873.45,556,Cash
1725,5/4/2025,1031,2029,404,3.0,40.53,575,Cash
1726,5/4/2025,1071,2097,403,3.0,2526.3,616,Debit
1727,5/4/2025,1091,2060,404,3.0,1225.14,652,Credit
1728,5/4/2025,1130,2035,402,3.0,899.99,879,Cash
1729,5/4/2025,1027,2015,403,3.0,0,445,Debit
1732,5/4/2025,1127,2086,401,1.0,4828.14,854,Check
1733,5/4/2025,1097,2077,403,1.0,2022.59,480,Check
1735,5/4/2025,1169,2096,404,3.0,672.18,341,Debit
1736,5/4/2025,1051,2037,404,3.0,1800.7,927,Debit
1739,5/4/2025,1098,2057,403,3.0,1310.94,846,Debit
1741,5/4/2025,1045,2071,403,1.0,0,798,Credit
1742,5/4/2025,1125,2055,402,2.0,86.3,901,Check
1744,5/4/2025,1145,2086,404,3.0,2682.3,481,Check
1746,5/4/2025,1100,2033,404,3.0,2508.75,886,Debit
1747,5/4/2025,1157,2086,403,2.0,1430.56,35,Check
1750,5/4/2025,1195,2080,403,3.0,3329.04,291,Credit
1751,5/4/2025,1024,2054,403,2.0,0,529,Credit
1752,5/4/2025,1105,2044,401,1.0,373.64,310,Debit
1755,5/4/2025,1086,2021,401,2.0,2004.98,471,Credit
1756,5/4/2025,1009,2058,404,3.0,2000.25,543,Debit
1758,5/4/2025,1081,2048,404,2.0,572.21,130,Cash
1760,5/4/2025,1176,2086,402,2.0,1430.56,355,Credit
1761,5/4/2025,1127,2064,403,1.0,529.27,514,Check
1762,5/4/2025,1157,2038,403,3.0,4632.55,66,Debit
1763,5/4/2025,1051,2063,401,1.0,0,968,Credit
1764,5/4/2025,1073,2033,401,2.0,1338,91,Check
1766,5/4/2025,1183,2074,401,2.0,0,546,Debit
1767,5/4/2025,1069,2008,404,3.0,66.59,214,Cash
1768,5/4/2025,1053,2044,401,2.0,332.13,964,Check
1769,5/4/2025,1129,2038,404,2.0,0,534,Check
1770,5/4/2025,1051,2053,404,2.0,488.12,252,Credit
1771,5/4/2025,1159,2065,404,1.0,1693.22,625,Cash
1772,5/4/2025,1004,2080,402,3.0,3329.04,964,Check
1773,5/4/2025,1054,2084,404,2.0,901.92,928,Cash
1775,5/4/2025,1133,2025,403,3.0,838.86,156,Cash
1776,5/4/2025,1037,2030,402,2.0,271.95,1,Debit
1778,5/4/2025,1162,2026,404,2.0,169.25,463,Check
1779,5/4/2025,1073,2082,402,2.0,213.28,440,Debit
1780,5/4/2025,1175,2076,402,3.0,806.07,732,Check
1781,5/4/2025,1061,2014,402,1.0,665.01,572,Cash
1782,5/4/2025,1007,2031,403,3.0,1695.9,710,Check
1783,5/4/2025,1124,2071,404,3.0,1845.48,24,Cash
1784,5/4/2025,1165,2004,402,1.0,1669.05,410,Check
1785,5/4/2025,1069,2017,401,2.0,0,178,Debit
1789,5/4/2025,1104,2046,401,3.0,167.15,453,Cash
1791,5/4/2025,1146,2094,401,2.0,789.36,360,Cash
1793,5/4/2025,1197,2040,403,3.0,138.16,141,Credit
1794,5/4/2025,1191,2095,402,3.0,1963.16,905,Credit
1795,5/4/2025,1055,2018,401,1.0,488.03,30,Credit
1796,5/4/2025,1054,2035,404,3.0,899.99,559,Credit
1797,5/4/2025,1065,2075,401,3.0,3903.2,907,Cash
1798,5/4/2025,1136,2047,401,2.0,267.98,48,Credit
1799,5/4/2025,1139,2054,404,1.0,3241.84,98,Debit
1800,5/4/2025,1071,2018,403,3.0,0,215,Check
1803,5/4/2025,1176,2085,402,2.0,581.16,30,Cash
1804,5/4/2025,1141,2049,403,2.0,1503.74,446,Check
1805,5/4/2025,1175,2015,402,3.0,674.97,398,Credit
1806,5/4/2025,1099,2001,404,2.0,0,813,Debit
1807,5/4/2025,1077,2011,402,2.0,655.58,52,Credit
1808,5/4/2025,1053,2020,404,2.0,601.33,334,Cash
1810,5/4/2025,1070,2010,404,3.0,311.36,525,Debit
1811,5/4/2025,1188,2052,403,3.0,2925.04,709,Cash
1813,5/4/2025,1090,2053,403,3.0,1830.45,849,Check
1814,5/4/2025,1177,2003,401,1.0,346.66,805,Credit
1816,5/4/2025,1102,2025,403,2.0,0,777,Credit
1817,5/4/2025,1147,2010,401,1.0,70.06,27,Cash
1818,5/4/2025,1063,2066,402,3.0,516.06,814,Check
1819,5/4/2025,1081,2057,404,1.0,786.56,339,Debit
1820,5/4/2025,1066,2022,403,2.0,536.94,19,Debit
1821,5/4/2025,1050,2010,404,2.0,62.27,92,Cash
1822,5/4/2025,1046,2050,404,1.0,336.2,831,Credit
1824,5/4/2025,1118,2025,403,1.0,0,334,Cash
1825,5/4/2025,1012,2051,404,2.0,93.86,134,Debit
1826,5/4/2025,1038,2011,403,1.0,1475.06,19,Check
1827,5/4/2025,1145,2015,401,3.0,2024.91,374,Debit
1829,5/4/2025,1057,2091,402,1.0,815.21,329,Debit
1830,5/4/2025,1005,2034,403,3.0,544.68,171,Credit
1831,5/4/2025,1097,2016,404,1.0,290.72,669,Cash
1832,5/4/2025,1153,2027,403,1.0,698.25,4,Cash
1833,5/4/2025,1107,2023,404,1.0,2536.76,349,Check
1834,5/4/2025,1007,2037,403,1.0,648.25,954,Credit
1835,5/4/2025,1158,2057,402,2.0,699.17,841,Cash
1837,5/4/2025,1002,2060,402,2.0,326.7,529,Debit
1838,5/4/2025,1177,2050,402,3.0,186.78,746,Debit
1841,5/4/2025,1085,2030,404,2.0,407.93,504,Check
1843,5/4/2025,1064,2064,404,2.0,940.93,537,Cash
1844,5/4/2025,1101,2085,403,1.0,217.94,755,Credit
1845,5/4/2025,1143,2005,402,2.0,343.02,739,Cash
1846,5/4/2025,1043,2064,404,2.0,235.23,144,Credit
1847,5/4/2025,1119,2016,401,2.0,258.42,656,Debit
1848,5/4/2025,1181,2067,404,1.0,523.71,109,Credit
1850,5/4/2025,1032,2063,403,2.0,441.97,731,Debit
1851,5/4/2025,1110,2036,403,2.0,348.77,533,Check
1852,5/4/2025,1132,2040,404,1.0,124.34,40,Check
1853,5/4/2025,1080,2094,404,1.0,0,464,Check
1855,5/4/2025,1048,2019,401,1.0,840.54,720,Cash
1856,5/4/2025,1046,2004,404,2.0,741.8,466,Debit
1857,5/4/2025,1041,2090,404,3.0,358.2,689,Check
1858,5/4/2025,1029,2063,401,3.0,1657.38,54,Debit
1859,5/4/2025,1091,2090,404,3.0,214.92,494,Debit
1861,5/4/2025,1089,2011,402,2.0,1638.96,694,Cash
1862,5/4/2025,1046,2021,403,1.0,2255.61,531,Check
1863,5/4/2025,1149,2000,402,3.0,4846.55,64,Debit
1866,5/4/2025,1100,2047,401,2.0,803.95,776,Debit
1867,5/4/2025,1039,2003,401,3.0,1155.54,735,Check
1868,5/4/2025,1181,2084,404,3.0,1127.4,113,Check
1869,5/4/2025,1160,2034,401,2.0,326.81,47,Cash
1870,5/4/2025,1011,2083,404,2.0,614.53,972,Check
1871,5/4/2025,1187,2093,402,1.0,680.35,585,Debit
1872,5/4/2025,1012,2082,403,2.0,853.12,224,Credit
1873,5/4/2025,1014,2095,401,3.0,0,633,Debit
1874,5/4/2025,1023,2051,403,1.0,211.18,197,Cash
1876,5/4/2025,1005,2026,402,3.0,211.56,666,Check
1877,5/4/2025,1199,2051,403,1.0,0,666,Cash
1878,5/4/2025,1030,2038,404,3.0,3706.04,40,Credit
1879,5/4/2025,1188,2039,402,2.0,1562.3,158,Cash
1880,5/4/2025,1170,2012,403,1.0,560.87,130,Credit
1881,5/4/2025,1125,2057,404,3.0,1310.94,833,Debit
1883,5/4/2025,1193,2054,403,1.0,0,292,Check
1885,5/4/2025,1010,2065,403,3.0,0,458,Cash
1886,5/4/2025,1173,2028,402,3.0,2551.76,58,Check
1887,5/4/2025,1134,2080,401,2.0,1331.62,350,Credit
1888,5/4/2025,1119,2055,401,3.0,269.7,169,Check
1889,5/4/2025,1076,2019,402,2.0,747.14,894,Debit
1890,5/4/2025,1063,2066,404,2.0,0,905,Debit
1892,5/4/2025,1131,2013,404,3.0,4676.8,650,Credit
1893,5/4/2025,1024,2059,403,2.0,0,338,Credit
1895,5/4/2025,1029,2094,404,1.0,0,467,Cash
1897,5/4/2025,1106,2090,403,2.0,114.62,424,Credit
1898,5/4/2025,1150,2092,404,3.0,482.21,133,Debit
1899,5/4/2025,1159,2033,403,1.0,752.62,231,Cash
1900,5/4/2025,1054,2023,401,2.0,751.63,943,Debit
1903,5/4/2025,1043,2083,404,3.0,2304.48,694,Check
1904,5/4/2025,1177,2051,404,2.0,281.57,85,Cash
1905,5/4/2025,1158,2078,403,3.0,568.04,147,Debit
1906,5/4/2025,1077,2011,402,1.0,368.77,383,Credit
1908,5/4/2025,1178,2024,401,1.0,223.69,258,Cash
1909,5/4/2025,1123,2083,402,1.0,1382.69,587,Cash
1911,5/4/2025,1077,2098,404,1.0,817.07,208,Credit
1913,5/4/2025,1042,2019,404,3.0,933.93,912,Cash
1914,5/4/2025,1120,2002,404,1.0,1558.8,727,Check
1916,5/4/2025,1085,2001,401,3.0,412.35,826,Debit
1918,5/4/2025,1124,2051,404,3.0,351.96,531,Debit
1921,5/4/2025,1068,2082,404,3.0,0,534,Credit
1922,5/4/2025,1029,2063,403,3.0,3314.76,139,Debit
1923,5/4/2025,1178,2055,401,1.0,242.73,933,Check
1924,5/4/2025,1073,2092,402,3.0,482.21,256,Credit
1925,5/4/2025,1088,2056,402,1.0,1888.99,922,Debit
1926,5/4/2025,1150,2087,403,3.0,477.96,891,Debit
1927,5/4/2025,1033,2037,404,3.0,1440.56,779,Check
1928,5/4/2025,1172,2083,403,3.0,2304.48,964,Debit
1929,5/4/2025,1041,2079,402,2.0,2281.3,342,Debit
1930,5/4/2025,1176,2095,401,3.0,1472.37,146,Credit
1931,5/4/2025,1033,2022,402,1.0,1208.12,304,Debit
1932,5/4/2025,1155,2062,401,3.0,1858.08,290,Cash
1933,5/4/2025,1126,2038,402,1.0,1667.72,919,Cash
1934,5/4/2025,1142,2006,401,2.0,0,897,Cash
1935,5/4/2025,1066,2045,402,1.0,1123.7,187,Cash
1936,5/4/2025,1128,2004,401,2.0,2967.2,31,Credit
1938,5/4/2025,1143,2028,404,2.0,1531.06,826,Cash
1939,5/4/2025,1087,2045,401,2.0,0,473,Cash
1944,5/4/2025,1052,2046,402,2.0,26.74,360,Check
1946,5/4/2025,1039,2082,403,2.0,0,709,Debit
1947,5/4/2025,1035,2015,402,3.0,3374.85,359,Debit
1948,5/4/2025,1106,2098,401,1.0,1634.15,309,Check
1949,5/4/2025,1121,2043,403,1.0,1572.21,27,Check
1950,5/4/2025,1021,2034,403,3.0,544.68,513,Cash
1951,5/4/2025,1092,2080,402,1.0,3745.17,530,Check
1952,5/4/2025,1192,2096,404,1.0,1814.89,49,Cash
1953,5/4/2025,1035,2054,404,3.0,0,416,Credit
1956,5/4/2025,1021,2043,403,3.0,2620.35,767,Debit
1958,5/4/2025,1100,2097,401,1.0,2273.67,664,Cash
1959,5/4/2025,1147,2007,403,3.0,0,859,Debit
1960,5/4/2025,1102,2087,403,2.0,0,868,Debit
1961,5/4/2025,1088,2001,403,1.0,1113.34,841,Credit
1962,5/4/2025,1179,2051,404,1.0,211.18,209,Check
1963,5/4/2025,1139,2079,404,2.0,2281.3,855,Debit
1964,5/4/2025,1005,2083,404,1.0,691.34,875,Cash
1965,5/4/2025,1077,2010,401,2.0,186.82,737,Debit
1966,5/4/2025,1099,2092,402,2.0,1157.3,621,Debit
1967,5/4/2025,1054,2011,403,2.0,327.79,37,Cash
1969,5/4/2025,1007,2069,403,1.0,836.6,969,Cash
1971,5/4/2025,1187,2007,403,2.0,466.71,833,Credit
1973,5/4/2025,1012,2096,401,3.0,672.18,324,Debit
1974,5/4/2025,1076,2073,401,3.0,499.43,14,Debit
1975,5/4/2025,1086,2030,402,2.0,407.93,901,Credit
1976,5/4/2025,1076,2036,402,3.0,217.98,76,Cash
1978,5/4/2025,1083,2066,402,2.0,1238.54,739,Credit
1979,5/4/2025,1116,2012,402,3.0,0,517,Check
1981,5/4/2025,1108,2016,404,1.0,872.15,828,Debit
1982,5/4/2025,1114,2009,403,3.0,198.93,852,Cash
1983,5/4/2025,1150,2071,404,2.0,492.13,40,Check
1984,5/4/2025,1149,2063,404,3.0,2762.3,331,Cash
1985,5/4/2025,1176,2062,404,1.0,557.42,292,Debit
1986,5/4/2025,1036,2064,402,3.0,294.04,578,Credit
1988,5/4/2025,1177,2027,404,3.0,1034.44,347,Debit
1989,5/4/2025,1008,2095,402,2.0,0,695,Check
1992,5/4/2025,1133,2019,401,2.0,747.14,202,Debit
1993,5/4/2025,1078,2047,403,2.0,535.97,410,Cash
1994,5/4/2025,1124,2003,402,1.0,1386.65,33,Debit
1996,5/4/2025,1078,2036,402,1.0,588.55,801,Debit
1999,5/4/2025,1106,2061,403,3.0,599.76,878,Check
2000,5/4/2025,1086,2048,404,1.0,321.87,710,Check
